{
  "custom": {},
  "params": {},
  "props": {
    "defaultSize": {
      "width": 1200
    }
  },
  "root": {
    "children": [
      {
        "meta": {
          "name": "StageTextField"
        },
        "position": {
          "height": 32,
          "width": 150,
          "x": 129,
          "y": 114
        },
        "props": {
          "text": "CAST"
        },
        "type": "ia.input.text-field"
      },
      {
        "events": {
          "component": {
            "onActionPerformed": {
              "config": {
                "script": "\tstagename \u003d self.getSibling(\"StageTextField\").props.text\n\tendpointtype \u003d self.getSibling(\"EndpointDropdown\").props.value\n\tif endpointtype \u003d\u003d \u0027d\u0027:\n\t\tendpointhost \u003d \u0027frpbmp.kaiseraluminum.com\u0027\n\t\tendpointhost \u003d \u0027frpbadev.kaiseraluminum.com:9090\u0027\n\telse:\n\t\tendpointhost \u003d \u0027frpbmtest.kaiseraluminum.com\u0027\n\t\t\t\n\tlog \u003d system.util.getLogger(\u0027perspective\u0027)\n\tlog.info(str(event))\n\t\t\n\t\n\t\t\n\tBoomyEndpoint \u003d \"http://%s/ws/rest/erp/stageinv/Stage/CAST\" % endpointhost\n\tclient \u003d system.net.httpClient()\n\tresponse \u003d client.get(BoomyEndpoint )\n\t\n\tlines \u003d response.getText().split(\u0027{\u0027)\n\tfor l in lines:\n\t\tlog.info(l)\n\tlog.info(\u0027x\u0027+ str(response.getText()) +\u0027x\u0027)\n\t\t"
              },
              "scope": "G",
              "type": "script"
            }
          }
        },
        "meta": {
          "name": "FetchButton"
        },
        "position": {
          "height": 34,
          "width": 80,
          "x": 331,
          "y": 185
        },
        "props": {
          "text": "Fetch"
        },
        "type": "ia.input.button"
      },
      {
        "meta": {
          "name": "EndpointDropdown"
        },
        "position": {
          "height": 36,
          "width": 256,
          "x": 512,
          "y": 95
        },
        "props": {
          "options": [
            {
              "label": "dev",
              "value": "d"
            },
            {
              "label": "production",
              "value": "p"
            },
            {
              "label": "test",
              "value": "t"
            }
          ],
          "value": "p"
        },
        "type": "ia.input.dropdown"
      }
    ],
    "meta": {
      "name": "root"
    },
    "type": "ia.container.coord"
  }
}