{
  "custom": {},
  "params": {},
  "props": {
    "defaultSize": {
      "height": 751,
      "width": 1310
    }
  },
  "root": {
    "children": [
      {
        "children": [
          {
            "children": [
              {
                "meta": {
                  "name": "mesAreaObjectSelector"
                },
                "position": {
                  "height": 0.0666,
                  "width": 0.5563,
                  "x": 0.049,
                  "y": 0.028
                },
                "props": {
                  "displayText": "MES Area",
                  "includeMESAreaObjects": true,
                  "selectedMESObject": {
                    "childCount": -1
                  }
                },
                "type": "mes.production.mesObjectSelector"
              },
              {
                "meta": {
                  "name": "mesObjectSelector_0"
                },
                "position": {
                  "height": 0.0666,
                  "width": 0.8577,
                  "x": 0.049,
                  "y": 0.0945
                },
                "propConfig": {
                  "props.parentMESObjectPath": {
                    "binding": {
                      "config": {
                        "path": "../mesAreaObjectSelector.props.selectedMESObject.equipmentPath"
                      },
                      "type": "property"
                    }
                  }
                },
                "props": {
                  "includeMESLineObjects": true,
                  "selectedMESObject": {
                    "childCount": 3
                  }
                },
                "type": "mes.production.mesObjectSelector"
              },
              {
                "events": {
                  "component": {
                    "onActionPerformed": {
                      "config": {
                        "script": "\tsystem.perspective.sendMessage(\u0027refreshTable\u0027)"
                      },
                      "scope": "G",
                      "type": "script"
                    }
                  }
                },
                "meta": {
                  "name": "Button"
                },
                "position": {
                  "height": 0.0453,
                  "width": 0.1764,
                  "x": 0.7817,
                  "y": 0.028
                },
                "props": {
                  "image": {
                    "icon": {
                      "path": "material/subdirectory_arrow_right"
                    },
                    "position": "right"
                  },
                  "text": "Load Table"
                },
                "type": "ia.input.button"
              },
              {
                "meta": {
                  "name": "DateTimeInput"
                },
                "position": {
                  "height": 0.0426,
                  "width": 0.3921,
                  "x": 0.049,
                  "y": 0.1611
                },
                "props": {
                  "format": "YYYY-MM-DD HH:mm:ss",
                  "formattedValue": "2023-09-08 00:00:00",
                  "value": {
                    "$": [
                      "ts",
                      0,
                      1694460355600
                    ],
                    "$ts": 1694156400000
                  }
                },
                "type": "ia.input.date-time-input"
              },
              {
                "meta": {
                  "name": "DateTimeInput_0"
                },
                "position": {
                  "height": 0.0426,
                  "width": 0.3921,
                  "x": 0.5146,
                  "y": 0.1611
                },
                "props": {
                  "format": "YYYY-MM-DD HH:mm:ss",
                  "formattedValue": "2023-09-11 00:00:00",
                  "value": {
                    "$": [
                      "ts",
                      0,
                      1694460360116
                    ],
                    "$ts": 1694415600000
                  }
                },
                "type": "ia.input.date-time-input"
              },
              {
                "meta": {
                  "name": "opresptgt"
                },
                "position": {
                  "height": 0.0426,
                  "width": 0.8577,
                  "x": 0.049,
                  "y": 0.2317
                },
                "props": {
                  "placeholder": "Operation Response UUID",
                  "text": "b2e8afdb-569a-4732-a583-2f0317bdfc00"
                },
                "type": "ia.input.text-field"
              },
              {
                "meta": {
                  "name": "opsegtgt"
                },
                "position": {
                  "height": 0.0426,
                  "width": 0.8577,
                  "x": 0.049,
                  "y": 0.2969
                },
                "props": {
                  "placeholder": "Operation Segment UUID",
                  "text": "9a14ddc0-d87e-41ea-a313-b0475988d34b"
                },
                "type": "ia.input.text-field"
              },
              {
                "events": {
                  "component": {
                    "onRowClick": {
                      "config": {
                        "script": "#\ttgt \u003d self.data.getValueAt(event.rowIndex, \u0027MESMaterialLotUUID\u0027)\n\ttgt \u003d self.props.selection.data[0].MESMaterialLotUUID\n\tself.getSibling(\"lottgtname\").props.text \u003d self.props.selection.data[0].Name\n\tself.getSibling(\"lottgt\").props.text \u003d tgt\n\tsystem.tag.writeBlocking([\u0027[MES_Tags]Sandbox/general_utility/lookup_transfer_lot\u0027],[tgt])\n\t"
                      },
                      "scope": "G",
                      "type": "script"
                    }
                  }
                },
                "meta": {
                  "name": "Table"
                },
                "position": {
                  "height": 0.2011,
                  "width": 0.919,
                  "x": 0.0392,
                  "y": 0.3941
                },
                "propConfig": {
                  "props.data": {
                    "binding": {
                      "config": {
                        "path": "../opsegtgt.props.text"
                      },
                      "transforms": [
                        {
                          "code": "\tquery \u003d \"SELECT * FROM mesmateriallot WHERE ResponseSegmentUUID \u003d \u0027\" + value + \"\u0027\"\n\treturn system.db.runQuery(query)",
                          "type": "script"
                        }
                      ],
                      "type": "property"
                    }
                  }
                },
                "props": {
                  "pager": {
                    "bottom": false
                  }
                },
                "type": "ia.display.table"
              },
              {
                "meta": {
                  "name": "Table_0"
                },
                "position": {
                  "height": 0.2011,
                  "width": 0.919,
                  "x": 0.0392,
                  "y": 0.7696
                },
                "propConfig": {
                  "props.data": {
                    "binding": {
                      "config": {
                        "path": "../lottgt.props.text"
                      },
                      "transforms": [
                        {
                          "code": "\tquery \u003d \"SELECT * FROM mesresponseproperty WHERE MESObjectUUID \u003d \u0027\" + value + \"\u0027\"\n\treturn system.db.runQuery(query)",
                          "type": "script"
                        }
                      ],
                      "type": "property"
                    }
                  }
                },
                "props": {
                  "pager": {
                    "bottom": false
                  }
                },
                "type": "ia.display.table"
              },
              {
                "meta": {
                  "name": "lottgt"
                },
                "position": {
                  "height": 0.036,
                  "width": 0.7254,
                  "x": 0.0466,
                  "y": 0.6791
                },
                "type": "ia.input.text-field"
              },
              {
                "meta": {
                  "name": "lottgtname"
                },
                "position": {
                  "height": 0.0426,
                  "width": 0.3774,
                  "x": 0.3945,
                  "y": 0.6192
                },
                "props": {
                  "text": "508170B8"
                },
                "type": "ia.input.text-field"
              },
              {
                "meta": {
                  "name": "Label"
                },
                "position": {
                  "height": 0.0426,
                  "width": 0.3504,
                  "x": 0.049,
                  "y": 0.6192
                },
                "props": {
                  "text": "Material Lot UUID"
                },
                "type": "ia.display.label"
              },
              {
                "meta": {
                  "name": "Label_0"
                },
                "position": {
                  "height": 0.0426,
                  "width": 0.5955,
                  "x": 0.049,
                  "y": 0.7257
                },
                "props": {
                  "text": "MES Response Property for Lot"
                },
                "type": "ia.display.label"
              },
              {
                "meta": {
                  "name": "Label_1"
                },
                "position": {
                  "height": 0.0426,
                  "width": 0.7499,
                  "x": 0.049,
                  "y": 0.3488
                },
                "props": {
                  "text": "MES Material Lot for operation segmnet"
                },
                "type": "ia.display.label"
              },
              {
                "meta": {
                  "name": "NumericEntryField"
                },
                "position": {
                  "height": 0.0426,
                  "width": 0.1176,
                  "x": 0.6298,
                  "y": 0.028
                },
                "type": "ia.input.numeric-entry-field"
              }
            ],
            "meta": {
              "name": "CoordinateContainer"
            },
            "position": {
              "height": 1,
              "width": 0.3115
            },
            "props": {
              "mode": "percent"
            },
            "type": "ia.container.coord"
          },
          {
            "events": {
              "component": {
                "onRowClick": {
                  "config": {
                    "script": "\tmyRowIndex \u003d self.props.selection.selectedRow\n\ttgt \u003d self.props.selection.data[0].MESResponseSegmentUUID\n\toptgt \u003d self.props.selection.data[0].MESOperationsResponseUUID\n\tsystem.tag.writeBlocking([\u0027[MES_Tags]Sandbox/general_utility/lookup_transfer_opseg_uuid\u0027],[tgt])\n\tself.parent.getChild(\"CoordinateContainer\").getChild(\"opsegtgt\").props.text \u003d tgt\n\tself.parent.getChild(\"CoordinateContainer\").getChild(\"opresptgt\").props.text \u003d optgt\n\tself.parent.getChild(\"CoordinateContainer\").getChild(\"lottgt\").props.text \u003d \u0027\u0027\n\trs \u003d system.mes.loadMESObject(tgt)\n\top \u003d system.mes.loadMESObject(optgt)\n\tself.getSibling(\"segbegin\").props.text \u003d str(rs.getPropertyValue(\u0027BeginDateTime\u0027))\n\tself.getSibling(\"segend\").props.text \u003d str(rs.getPropertyValue(\u0027EndDateTime\u0027))\n\tself.getSibling(\"opbegin\").props.text \u003d str(op.getPropertyValue(\u0027BeginDateTime\u0027))\n\tself.getSibling(\"opend\").props.text \u003d str(op.getPropertyValue(\u0027EndDateTime\u0027))\n\t"
                  },
                  "scope": "G",
                  "type": "script"
                }
              }
            },
            "meta": {
              "name": "Table"
            },
            "position": {
              "height": 0.5606,
              "width": 0.6336,
              "x": 0.3359,
              "y": 0.0692
            },
            "propConfig": {
              "props.data": {
                "binding": {
                  "config": {
                    "path": "../CoordinateContainer/mesObjectSelector_0.props.selectedMESObject.name"
                  },
                  "transforms": [
                    {
                      "code": "\tsDate \u003d self.parent.getChild(\"CoordinateContainer\").getChild(\"DateTimeInput\").props.formattedValue\n\teDate \u003d self.parent.getChild(\"CoordinateContainer\").getChild(\"DateTimeInput_0\").props.formattedValue\n##\tcurrentDate \u003d system.date.now()\n#\tstartDate \u003d system.date.format(sDate, \u0027yyyy-MM-dd HH:mm:ss\u0027)\n#\tendDate \u003d system.date.format(endDate, \u0027yyyy-MM-dd HH:mm:ss\u0027)\n\tquery \u003d \"SELECT opr.OperationRefUUID,opr.BeginDateTime,opr.EndDateTime,eqp.Name,seg.Name as segName, seg.MESResponseSegmentUUID, opr.MESOperationsResponseUUID \" + \\\n\t\"FROM mesoperationsresponse opr,mesequipment eqp, mesresponsesegment seg \" + \\\n\t\"WHERE opr.Enabled \u003d 1 and opr.EquipmentRefUUID \u003d eqp.MESEquipmentUUID AND seg.OperationsResponseRefUUID \u003d opr.MESOperationsResponseUUID \" + \\\n\t\"AND eqp.Name like \u0027%\" + value + \"%\u0027 AND opr.EndDateTime \u003c \u0027\" + str(eDate) + \"\u0027 AND opr.EndDateTime \u003e \u0027\" + str(sDate) + \"\u0027 ORDER BY opr.EndDateTime DESC\"\n\treturn system.db.runQuery(query)",
                      "type": "script"
                    },
                    {
                      "code": "\treturn system.dataset.formatDates(value, \u0027MM/dd/yyyy HH:mm:ss\u0027)",
                      "type": "script"
                    }
                  ],
                  "type": "property"
                }
              }
            },
            "props": {
              "pager": {
                "bottom": false
              }
            },
            "scripts": {
              "customMethods": [],
              "extensionFunctions": null,
              "messageHandlers": [
                {
                  "messageType": "refreshTable",
                  "pageScope": true,
                  "script": "\t# implement your handler here\n\tself.refreshBinding(\"props.data\")",
                  "sessionScope": false,
                  "viewScope": false
                }
              ]
            },
            "type": "ia.display.table"
          },
          {
            "events": {
              "component": {
                "onRowClick": {
                  "config": {
                    "script": "\t#\toptgt \u003d self.data.getValueAt(event.rowIndex, \u0027MESOperationsResponseUUID\u0027)\n\toptgt \u003d self.props.selection.data[0].MESObjectUUID\n\top \u003d system.mes.loadMESObject(optgt)\n\ttry:\n\t\tartifacts \u003d op.getArtifactNames()\n\t\tds \u003d system.dataset.toDataSet([\u0027Artifacts\u0027], [artifacts])\n\t\tself.getSibling(\"Table_1\").props.data \u003d ds\n\texcept:\n\t\tprint \"No Artifacts\""
                  },
                  "scope": "G",
                  "type": "script"
                }
              }
            },
            "meta": {
              "name": "Table_0"
            },
            "position": {
              "height": 0.2051,
              "width": 0.3198,
              "x": 0.3359,
              "y": 0.7683
            },
            "propConfig": {
              "props.data": {
                "binding": {
                  "config": {
                    "path": "../CoordinateContainer/opsegtgt.props.text"
                  },
                  "transforms": [
                    {
                      "code": "\tquery \u003d \"SELECT * FROM mesresponseproperty WHERE MESObjectUUID \u003d \u0027\" + value + \"\u0027\"\n\treturn system.db.runQuery(query)",
                      "type": "script"
                    }
                  ],
                  "type": "property"
                }
              }
            },
            "props": {
              "pager": {
                "bottom": false
              }
            },
            "type": "ia.display.table"
          },
          {
            "meta": {
              "name": "Table_1"
            },
            "position": {
              "height": 0.2051,
              "width": 0.2733,
              "x": 0.687,
              "y": 0.7683
            },
            "props": {
              "data": {
                "$": [
                  "ds",
                  201,
                  1689793718836
                ],
                "$columns": [
                  {
                    "data": [],
                    "name": "MESPropertyUUID",
                    "type": "String"
                  },
                  {
                    "data": [],
                    "name": "MESObjectType",
                    "type": "String"
                  },
                  {
                    "data": [],
                    "name": "MESObjectUUID",
                    "type": "String"
                  },
                  {
                    "data": [],
                    "name": "ParentType",
                    "type": "String"
                  },
                  {
                    "data": [],
                    "name": "ParentMESPropertyUUID",
                    "type": "String"
                  },
                  {
                    "data": [],
                    "name": "Name",
                    "type": "String"
                  },
                  {
                    "data": [],
                    "name": "Description",
                    "type": "String"
                  },
                  {
                    "data": [],
                    "name": "Value",
                    "type": "String"
                  },
                  {
                    "data": [],
                    "name": "ValueUnits",
                    "type": "String"
                  },
                  {
                    "data": [],
                    "name": "ValueDataType",
                    "type": "Integer"
                  },
                  {
                    "data": [],
                    "name": "Enable",
                    "type": "Integer"
                  },
                  {
                    "data": [],
                    "name": "Required",
                    "type": "Integer"
                  },
                  {
                    "data": [],
                    "name": "ProductionVisible",
                    "type": "Integer"
                  },
                  {
                    "data": [],
                    "name": "TimeStamp",
                    "type": "Date"
                  }
                ]
              },
              "pager": {
                "bottom": false
              }
            },
            "type": "ia.display.table"
          },
          {
            "meta": {
              "name": "opbegin"
            },
            "position": {
              "height": 0.0253,
              "width": 0.1305,
              "x": 0.3626,
              "y": 0.6585
            },
            "props": {
              "text": "Sun Sep 10 19:58:21 PDT 2023"
            },
            "type": "ia.input.text-field"
          },
          {
            "meta": {
              "name": "opend"
            },
            "position": {
              "height": 0.0253,
              "width": 0.1305,
              "x": 0.5,
              "y": 0.6585
            },
            "props": {
              "text": "Sun Sep 10 19:58:23 PDT 2023"
            },
            "type": "ia.input.text-field"
          },
          {
            "meta": {
              "name": "segbegin"
            },
            "position": {
              "height": 0.0253,
              "width": 0.1305,
              "x": 0.3626,
              "y": 0.6991
            },
            "props": {
              "text": "Sun Sep 10 16:51:11 PDT 2023"
            },
            "type": "ia.input.text-field"
          },
          {
            "meta": {
              "name": "segend"
            },
            "position": {
              "height": 0.0253,
              "width": 0.1305,
              "x": 0.5,
              "y": 0.6991
            },
            "props": {
              "text": "Sun Sep 10 19:58:06 PDT 2023"
            },
            "type": "ia.input.text-field"
          },
          {
            "meta": {
              "name": "Label"
            },
            "position": {
              "height": 0.0426,
              "width": 0.284,
              "x": 0.3359,
              "y": 0.7257
            },
            "props": {
              "text": "MES Response Properties for operation segment"
            },
            "type": "ia.display.label"
          },
          {
            "meta": {
              "name": "Label_0"
            },
            "position": {
              "height": 0.0426,
              "width": 0.0382,
              "x": 0.3359,
              "y": 0.6498
            },
            "props": {
              "text": "Op"
            },
            "type": "ia.display.label"
          },
          {
            "meta": {
              "name": "Label_1"
            },
            "position": {
              "height": 0.0426,
              "width": 0.0382,
              "x": 0.3359,
              "y": 0.6904
            },
            "props": {
              "text": "Seg"
            },
            "type": "ia.display.label"
          },
          {
            "meta": {
              "name": "Label_2"
            },
            "position": {
              "height": 0.0426,
              "width": 0.3176,
              "x": 0.3359,
              "y": 0.0266
            },
            "props": {
              "text": "Operation Response UUID by equipment and response"
            },
            "type": "ia.display.label"
          },
          {
            "events": {
              "component": {
                "onActionPerformed": {
                  "config": {
                    "script": "\tlotinv \u003d system.mes.getLotInventoryByEquipment(self.parent.getChild(\"CoordinateContainer\").getChild(\"mesObjectSelector_0\").props.selectedMESObject.equipmentPath,1)\n\tif self.getSibling(\"Checkbox\").props.selected \u003d\u003d True:\n\t\tprint len(lotinv)\n\t\ti \u003d 1\n\t\tfor linv in lotinv:\n\t\t\tlno \u003d linv.getLotNumber()\n\t\t\tseq \u003d linv.getLotSequence()\n\t\t\tmname \u003d linv.getMaterialName()\n\t\t\tiqty \u003d linv.getInQuantity()\n\t\t\toqty \u003d linv.getOutQuantity()\n\t\t\tavbl \u003d linv.getAvailable()\n\t\t\tml \u003d linv.getMaterialLot()\n\t\t\t\n\t\t\tprint i,lno,seq,mname,iqty,oqty,avbl,ml.getLotAvailabilityStatus()\n\t\t\ti \u003d i + 1\n\telse:\n\t\ti \u003d 1\n\t\tfor linv in lotinv:\n\t\t\tlno \u003d linv.getLotNumber()\n\t\t\tseq \u003d linv.getLotSequence()\n\t\t\tmname \u003d linv.getMaterialName()\n\t\t\tiqty \u003d linv.getInQuantity()\n\t\t\toqty \u003d linv.getOutQuantity()\n\t\t\tavbl \u003d linv.getAvailable()\n\t\t\t\n\t\t\ttry:\n\t\t\t print i,lno,seq,mname,iqty,oqty,avbl\n\t\t\t ml \u003d linv.getMaterialLot()\n\t\t\t ml.setEnabled(False)\n\t\t\t print ml.getProperty(\u0027Enabled\u0027)\n\t\t\t system.mes.saveMESObject(ml)\n\t\t\texcept:\n\t\t\t print i,lno,seq,mname,iqty,oqty,avbl,\u0027exception\u0027\n\t\t\ti \u003d i + 1"
                  },
                  "scope": "G",
                  "type": "script"
                }
              }
            },
            "meta": {
              "name": "Button"
            },
            "position": {
              "height": 0.036,
              "width": 0.0893,
              "x": 0.6618,
              "y": 0.03
            },
            "props": {
              "primary": false,
              "text": "lotechtomy"
            },
            "type": "ia.input.button"
          },
          {
            "meta": {
              "name": "Button_0"
            },
            "position": {
              "height": 0.036,
              "width": 0.0611,
              "x": 0.7626,
              "y": 0.0293
            },
            "props": {
              "primary": false
            },
            "type": "ia.input.button"
          },
          {
            "meta": {
              "name": "Checkbox"
            },
            "position": {
              "height": 0.0479,
              "width": 0.0786,
              "x": 0.8511,
              "y": 0.024
            },
            "props": {
              "selected": true,
              "text": "Fail Safe"
            },
            "type": "ia.input.checkbox"
          },
          {
            "meta": {
              "name": "Label_3"
            },
            "position": {
              "height": 0.0426,
              "width": 0.0504,
              "x": 0.687,
              "y": 0.7271
            },
            "props": {
              "text": "Artifacts"
            },
            "type": "ia.display.label"
          }
        ],
        "meta": {
          "name": "CoordinateContainer"
        },
        "position": {
          "basis": "200px",
          "grow": 1
        },
        "props": {
          "mode": "percent"
        },
        "type": "ia.container.coord"
      }
    ],
    "meta": {
      "name": "root"
    },
    "props": {
      "direction": "column"
    },
    "type": "ia.container.flex"
  }
}