{
  "custom": {},
  "params": {},
  "props": {
    "defaultSize": {
      "height": 1210,
      "width": 1642
    }
  },
  "root": {
    "children": [
      {
        "events": {
          "component": {
            "onActionPerformed": {
              "config": {
                "script": "\tequipmentPath \u003d \u0027KAW\\Trentwood\\Casting\\DC-1\\DC-1-pit\u0027\n\tasCastStoragePath \u003d \u0027KAW\\Trentwood\\Casting\\Casting Inventory\\Ingot Area\u0027\n\tvolatileStoragePath \u003d \u0027KAW\\Trentwood\\Casting\\Casting Inventory\\SR Staging\u0027\n\talloyType \u003d self.getSibling(\u0027Alloy Dropdown\u0027).props.value\n\tcastingType \u003d self.getSibling(\u0027mesObjectSelectorCasting\u0027).props.selectedMESObject.name\n\tcurrentTime \u003d system.date.now()\n\tlotName \u003d \u0027CASTING_LOT  %d%d%d%d\u0027 %(system.date.getMonth(currentTime),system.date.getDayOfMonth(currentTime),system.date.getHour24(currentTime),system.date.getMinute(currentTime))\n\n\n\n\toperationDef \u003d system.mes.loadMESObject(\u0027Cast an Ingot DC-1\u0027,\u0027operationsDefinition\u0027)\n\toperationResp \u003d system.mes.createOperation(operationDef)\n\tsystem.mes.beginOperation(equipmentPath,operationResp)\n\t\n\tseg \u003d system.mes.createSegment(\u0027Cast an Ingot DC-1\u0027, equipmentPath, 0)\n\tseg.setMaterial(\u0027Material Out\u0027,\u0027Ingot\u0027,asCastStoragePath,lotName,1)\n\t\n\tmesObject \u003d system.mes.loadMESObject(\u0027Ingot\u0027,\u0027MaterialDef\u0027)\n\tmesObject.setPropertyValue(\u0027Cast Alloy\u0027, alloyType)\t\n\t\n\t\n\t\n\tsystem.mes.beginSegment(seg)\n\toper \u003d system.mes.getCurrentOperation(equipmentPath)\n\tsegName \u003d oper.getActiveSegmentName()\n\tseg \u003d oper.getActiveSegment(segName)\n\tseg \u003d seg.end()\n\toper \u003d oper.end()\n"
              },
              "scope": "G",
              "type": "script"
            }
          }
        },
        "meta": {
          "name": "Button"
        },
        "position": {
          "height": 34,
          "rotate": {
            "anchor": "-55% 50%"
          },
          "width": 80,
          "x": 80,
          "y": 269
        },
        "props": {
          "text": "CAST"
        },
        "type": "ia.input.button"
      },
      {
        "meta": {
          "name": "Label"
        },
        "position": {
          "height": 32,
          "rotate": {
            "anchor": "25% 50%"
          },
          "width": 145,
          "x": 35,
          "y": 149
        },
        "props": {
          "text": "DC-1 Cast an Ingot"
        },
        "type": "ia.display.label"
      },
      {
        "meta": {
          "name": "Lot Selector SAW"
        },
        "position": {
          "height": 94,
          "width": 234,
          "x": 28,
          "y": 384
        },
        "props": {
          "beginDateTime": {
            "$": [
              "ts",
              192,
              1710264519746
            ],
            "$ts": 1710140400000
          },
          "endDateTime": {
            "$": [
              "ts",
              192,
              1710264519746
            ],
            "$ts": 1710313199000
          },
          "includeActiveLots": true,
          "includeLotSequence": true,
          "inputDropDownStyle": {
            "marginBottom": 100
          }
        },
        "type": "mes.trace.mesLotSelector"
      },
      {
        "events": {
          "component": {
            "onActionPerformed": {
              "config": {
                "script": "\tselectedLot \u003d self.getSibling(\"Lot Selector SAW\").props\n\t\n\tequipmentPath \u003d \u0027KAW\\Trentwood\\Casting\\Ingot Saw\u0027\n\tpreProcessStoragePath \u003d \u0027KAW\\Trentwood\\Casting\\Casting Inventory\\Ingot Area\u0027\n\tpostProcessStoragePath \u003d \u0027KAW\\Trentwood\\Casting\\Casting Inventory\\Ingot Area\u0027\n\t\n\tseg \u003d system.mes.createSegment(\u0027Trim Ingot\u0027, equipmentPath, 0)\n\tseg.setMaterial(\u0027Material In\u0027, \u0027Ingot\u0027, preProcessStoragePath, 1)\n\tseg.setMaterial(\u0027Material Out\u0027, \u0027Trimmed Ingot\u0027, postProcessStoragePath, 1)\n\tseg \u003d system.mes.beginSegment(seg)\n\toper \u003d system.mes.getCurrentOperation(equipmentPath)\n\tsegName \u003d oper.getActiveSegmentName()\n\tseg \u003d oper.getActiveSegment(segName)\n\tseg \u003d seg.end()\n\toper \u003d oper.end()\n\n\t\n\t\n"
              },
              "scope": "G",
              "type": "script"
            }
          }
        },
        "meta": {
          "name": "Button_0"
        },
        "position": {
          "height": 34,
          "rotate": {
            "anchor": "25% 850%"
          },
          "width": 80,
          "x": 303.5,
          "y": 397
        },
        "props": {
          "text": "TRIM"
        },
        "type": "ia.input.button"
      },
      {
        "meta": {
          "name": "Label Trim Ingot"
        },
        "position": {
          "height": 32,
          "rotate": {
            "anchor": "50% -128%"
          },
          "width": 140,
          "x": 28,
          "y": 336.5
        },
        "props": {
          "style": {
            "paddingLeft": 10
          },
          "text": "Ingot Saw Trim"
        },
        "type": "ia.display.label"
      },
      {
        "events": {
          "component": {
            "onActionPerformed": {
              "config": {
                "script": "\t\tselectedLot \u003d self.getSibling(\"mesLotSelector Scalp\").props\n\t\t\n\t\tequipmentPath \u003d \u0027KAW\\Trentwood\\Casting\\Scalper\u0027\n\t\tpreProcessStoragePath \u003d \u0027KAW\\Trentwood\\Casting\\Casting Inventory\\Ingot Area\u0027\n\t\tpostProcessStoragePath \u003d \u0027KAW\\Trentwood\\Casting\\Casting Inventory\\Ingot Area\u0027\n\t\t\n\t\tseg \u003d system.mes.createSegment(\u0027Scalp Ingot\u0027, equipmentPath, 0)\n\t\tseg.setMaterial(\u0027Material In\u0027, \u0027Ingot\u0027, preProcessStoragePath, 1)\n\t\tseg.setMaterial(\u0027Material Out\u0027, \u0027Scalped Ingot\u0027, postProcessStoragePath, 1)\n\t\tseg \u003d system.mes.beginSegment(seg)\n\t\toper \u003d system.mes.getCurrentOperation(equipmentPath)\n\t\tsegName \u003d oper.getActiveSegmentName()\n\t\tseg \u003d oper.getActiveSegment(segName)\n\t\tseg \u003d seg.end()\n\t\toper \u003d oper.end()"
              },
              "scope": "G",
              "type": "script"
            }
          }
        },
        "meta": {
          "name": "Button_1"
        },
        "position": {
          "height": 34,
          "width": 80,
          "x": 310,
          "y": 539
        },
        "props": {
          "text": "SCALP"
        },
        "type": "ia.input.button"
      },
      {
        "meta": {
          "name": "Label Scalp Ingot"
        },
        "position": {
          "height": 32,
          "width": 103,
          "x": 28.5,
          "y": 478
        },
        "props": {
          "text": "Scalp Ingot"
        },
        "type": "ia.display.label"
      },
      {
        "meta": {
          "name": "mesLotSelector Scalp"
        },
        "position": {
          "height": 90,
          "width": 250,
          "x": 21,
          "y": 528
        },
        "props": {
          "beginDateTime": {
            "$": [
              "ts",
              192,
              1710264519746
            ],
            "$ts": 1710140400000
          },
          "endDateTime": {
            "$": [
              "ts",
              192,
              1710264519746
            ],
            "$ts": 1710313199000
          },
          "includeActiveLots": true,
          "includeLotSequence": true,
          "inputDropDownStyle": {
            "marginBottom": 100
          }
        },
        "type": "mes.trace.mesLotSelector"
      },
      {
        "meta": {
          "name": "Alloy Dropdown"
        },
        "position": {
          "height": 36,
          "rotate": {
            "anchor": "-140% 528%"
          },
          "width": 164,
          "x": 186,
          "y": 223
        },
        "props": {
          "options": [
            {
              "label": 7050,
              "value": 7050
            },
            {
              "label": 7475,
              "value": 7475
            },
            {
              "label": 6061,
              "value": 6061
            },
            {
              "label": 7175,
              "value": 7175
            },
            {
              "label": 2024,
              "value": 2024
            }
          ],
          "value": 7475
        },
        "type": "ia.input.dropdown"
      },
      {
        "meta": {
          "name": "Label_2"
        },
        "position": {
          "height": 32,
          "rotate": {
            "anchor": "25% 50%"
          },
          "width": 85,
          "x": 35,
          "y": 227
        },
        "props": {
          "text": "Alloy Type"
        },
        "type": "ia.display.label"
      },
      {
        "meta": {
          "name": "Label_3"
        },
        "position": {
          "height": 32,
          "rotate": {
            "anchor": "50% -16%"
          },
          "width": 287,
          "x": 1024.5,
          "y": 123
        },
        "props": {
          "style": {
            "paddingLeft": 5
          },
          "text": "ARTIFACT ATTACHMENT"
        },
        "type": "ia.display.label"
      },
      {
        "events": {
          "component": {
            "onActionPerformed": {
              "config": {
                "script": "\t##Load the MES Object that will be the host for the document, through the Artifact feature.\n\tobj \u003d system.mes.loadMESObject(\u0027Ingot\u0027, \u0027MaterialDef\u0027)\n\t##Define the file path for the XHTML (has imbedded base64 images)\n\t\n\tfilePath \u003d self.getSibling(\u0027DocPathTextField\u0027).props.text\n\t##Define the artifact name.\n\tartifactName \u003d self.getSibling(\u0027ArtifactNameTextField\u0027).props.text\n\t##Load the document into local memory in Ignition\n\thtmlDoc \u003d system.file.readFileAsString(filePath, \u0027ASCII\u0027)\n\t##Get names of artifacts\n\tartifactNames \u003d obj.getAllArtifactNames()\n\t##If the artifact exists, set it, otherwise, create it.\n\tif artifactName in artifactNames:\n\t    obj.setArtifactValue(artifactName, htmlDoc)\n\telse:\n\t    ##If we were running this for the first time, we would create the artifact:\n\t    ##Note that the parameters here are the document name, the value of the doc (in this case the xhtml), and a version flag (true\n\t    ## since we want to version this document).\n\t    obj.createArtifact(artifactName, htmlDoc, True)\n\t##Save the object with it\u0027s new artifact.\n\tsystem.mes.saveMESObject(obj)"
              },
              "scope": "G",
              "type": "script"
            }
          }
        },
        "meta": {
          "name": "Button_2"
        },
        "position": {
          "height": 34,
          "rotate": {
            "anchor": "89% 25%"
          },
          "width": 143,
          "x": 1071.5,
          "y": 269
        },
        "props": {
          "text": "Attach Artifact"
        },
        "type": "ia.input.button"
      },
      {
        "meta": {
          "name": "docDocumentViewer"
        },
        "position": {
          "height": 755,
          "width": 515,
          "x": 1092,
          "y": 409
        },
        "propConfig": {
          "props.selectedArtifactName": {
            "binding": {
              "config": {
                "path": "../mesArtifactSelector.props.selectedArtifactName"
              },
              "type": "property"
            }
          },
          "props.selectedMESObject": {
            "binding": {
              "config": {
                "path": "../mesObjectSelector.props.selectedMESObject"
              },
              "type": "property"
            }
          }
        },
        "props": {
          "documentText": ""
        },
        "type": "mes.doc.docDocumentViewer"
      },
      {
        "meta": {
          "name": "Label_4"
        },
        "position": {
          "height": 32,
          "rotate": {
            "anchor": "39% -575%"
          },
          "width": 152,
          "x": 944.5,
          "y": 369
        },
        "props": {
          "style": {
            "paddingLeft": 20
          },
          "text": "Artifact Viewer"
        },
        "type": "ia.display.label"
      },
      {
        "meta": {
          "name": "mesObjectSelector"
        },
        "position": {
          "height": 50,
          "rotate": {
            "anchor": "50% 150%"
          },
          "width": 250,
          "x": 1106,
          "y": 343
        },
        "props": {
          "includeMaterialDefObjects": true
        },
        "type": "mes.production.mesObjectSelector"
      },
      {
        "meta": {
          "name": "mesArtifactSelector"
        },
        "position": {
          "height": 59,
          "rotate": {
            "anchor": "-29% 50%"
          },
          "width": 250,
          "x": 1374.5,
          "y": 330
        },
        "propConfig": {
          "props.selectedMESObject": {
            "binding": {
              "config": {
                "path": "../mesObjectSelector.props.selectedMESObject"
              },
              "type": "property"
            }
          }
        },
        "type": "mes.production.mesArtifactSelector"
      },
      {
        "meta": {
          "name": "DocPathTextField"
        },
        "position": {
          "height": 32,
          "width": 706,
          "x": 861,
          "y": 181
        },
        "props": {
          "text": "C:/Users/TR05553/OneDrive - Kaiser Aluminum Investments Company (KAIC)/mes/Kaiser Aluminum.html"
        },
        "type": "ia.input.text-field"
      },
      {
        "meta": {
          "name": "TagPathLabel"
        },
        "position": {
          "height": 32,
          "width": 127,
          "x": 707,
          "y": 183
        },
        "props": {
          "text": "Document Path"
        },
        "type": "ia.display.label"
      },
      {
        "meta": {
          "name": "ArtifactNameTextField"
        },
        "position": {
          "height": 32,
          "width": 703,
          "x": 861.5,
          "y": 227
        },
        "props": {
          "text": "Complete Webpage Artifact"
        },
        "type": "ia.input.text-field"
      },
      {
        "meta": {
          "name": "Label_5"
        },
        "position": {
          "height": 32,
          "rotate": {
            "anchor": "0% 50%"
          },
          "width": 116,
          "x": 707,
          "y": 225
        },
        "props": {
          "text": "Artifact Name"
        },
        "type": "ia.display.label"
      },
      {
        "meta": {
          "name": "mesObjectSelectorCasting"
        },
        "position": {
          "height": 50,
          "rotate": {
            "anchor": "91% 62%"
          },
          "width": 250,
          "x": 201.5,
          "y": 131
        },
        "props": {
          "displayText": "Casting Type",
          "includeMaterialDefObjects": true,
          "selectedMESObject": {
            "childCount": -1,
            "mesObjectType": "MaterialDef",
            "mesObjectUUID": "77c14653-33e6-4219-b40b-08a5bea2d6e5",
            "name": "Ingot"
          }
        },
        "type": "mes.production.mesObjectSelector"
      }
    ],
    "meta": {
      "name": "root"
    },
    "position": {
      "x": 90,
      "y": 6
    },
    "props": {
      "style": {
        "listStylePosition": "inside"
      }
    },
    "type": "ia.container.coord"
  }
}