<?xml version="1.0" ?>
<sfc zoom="1.05" canvas="12 30" execution-mode="Callable" hot-editable="false" persist-state="false" redundant-sync="false">
	<onstart>def onStart(chart):
	"""
	This will run once when the chart is started.

	Arguments:
		chart: A reference to the chart's scope.
	"""
</onstart>
	<step id="cc45aa05-104e-4df5-8f2b-b5172e84cee0" location="2 0" name="__begin" factory-id="begin-step">
<parameters>
	<parameter><name>basepath</name><expression>"chartbasepath"</expression></parameter>
	<parameter><name>equipmentpath</name><expression>"chartequipmentpath"</expression></parameter>
	<parameter key="true"><name>logname</name><expression>"PIT0"</expression></parameter>
	<parameter><name>beginFailed</name><expression>0</expression></parameter>
	<parameter><name>updateFailed</name><expression>0</expression></parameter>
	<parameter><name>endFailed</name><expression>0</expression></parameter>
	<parameter><name>movepath</name><expression>""</expression></parameter>
	<parameter><name>iniFailed</name><expression>0</expression></parameter>
	<parameter><name>layedoff</name><expression>0</expression></parameter>
	<parameter><name>movetoinventory</name><expression>0</expression></parameter>
	<parameter><name>closelid</name><expression>0</expression></parameter>
	<parameter><name>opname</name><expression>'autoSoak'</expression></parameter>
</parameters>
	</step>
	<step id="73c506b0-fc89-4391-ae7b-caad76a300cd" location="2 3" name="INI" factory-id="action-step">
		<stop-script>def onStop(chart, step):
	"""
	This will run when the step is finished and
	all other actions complete.

	Arguments:
		chart: A reference to the chart's scope.
		step: A reference to this step's scope.
	"""
	import mes_generics
	import traceback
	
	try:
		#chart.logname = 'DC0-Pit'
		#chart.basepath = '[MES_Tags]Kaiser/KAW/Casting/DC0/DC0-Pit/mes'
		#chart.equipmentpath = '[MES_Tags]Kaiser\KAW\Casting\DC0\DC0-Pit'
		system.util.getLogger(chart.logname).info("chart initialize a")
		result = mes_generics.noop(chart.logname)
		system.util.getLogger(chart.logname).info("chart initialize b")
		system.util.getLogger(chart.logname).info('basepath:' + chart.basepath)
		system.util.getLogger(chart.logname).info('equipmentpath:' + chart.equipmentpath)
		system.util.getLogger(chart.logname).info('chartId:' + str(chart.instanceId))
		result = mes_generics.initializeMESInteractions(chart.basepath,chart.equipmentpath,chart.instanceId)
	except:
		system.util.getLogger(chart.logname).info(str(traceback.format_exc()))
		chart.iniFailed = 1
</stop-script>
	</step>
	<step id="62ebb709-185f-4454-bfc6-50b2af5991fd" location="2 5" name="Wait" factory-id="action-step">
	</step>
	<step id="013d7c29-5abc-435d-99b0-9ff87615ba03" location="2 8" name="BEG" factory-id="action-step">
		<start-script>def onStart(chart, step):
	"""
	This will run when the step starts, before any
	other action.

	Arguments:
		chart: A reference to the chart's scope.
		step: A reference to this step's scope.
	"""
	import mes_generics_wrk
	import traceback
	
	system.tag.writeBlocking([chart.basepath + '/SFC_Interaction/CycleUpdateTrigger'],[0])
	system.tag.writeBlocking([chart.basepath + '/SFC_Interaction/CycleEndTrigger'],[0])
	system.util.getLogger(chart.logname).info('fetch operation name')
	system.util.getLogger(chart.logname).info(str(chart.basepath))
	chart.opname = system.tag.readBlocking([str(chart.basepath) + '/SFC_Interaction/CycleOperation'])[0].value
	system.util.getLogger(chart.logname).info('opname: ' + chart.opname)
	if chart.opname == 'autoPHP':
		chart.movetoinventory = 1
	else:
		chart.movetoinventory = 0
		
	try:
		system.util.getLogger(chart.logname).info("chart start")
		system.tag.writeBlocking([chart.basepath + '/SFC_Interaction/SFC_LastState'],['starting'])
		chart.cstate = 'start-in'
	
		#result = mes_generics.fake_startMESCycle(chart.basepath,chart.equipmentpath,None,chart.logname)
		result = mes_generics_wrk.startMESCycle(chart.basepath,chart.equipmentpath,None)
		system.tag.writeBlocking([chart.basepath + '/SFC_Interaction/CycleStartTrigger'],[0])
		#result = mes_generics.startMESCycle(chart.basepath,chart.equipmentpath,None)
	except:
		system.tag.writeBlocking([chart.basepath + '/SFC_Interaction/SFC_LastState'],['begFailed'])
		system.tag.writeBlocking([chart.basepath + '/SFC_Interaction/CycleStartTrigger'],[2])
		system.util.getLogger(chart.logname).info(str(traceback.format_exc()))
	
	return 1</start-script>
	</step>
	<step id="17c64402-dd9e-4253-98e8-bcc3345b131c" location="1 11" name="StartError" factory-id="action-step">
	</step>
	<step id="0a22a985-944d-4889-bc83-32b2fa4a15c3" location="3 14" name="OPN" factory-id="action-step" breakpoint="true">
		<start-script>def onStart(chart, step):
	"""
	This will run when the step starts, before any
	other action.

	Arguments:
		chart: A reference to the chart's scope.
		step: A reference to this step's scope.
	"""
	import new_mes_generic
	import mes_generics
	import traceback
	
	try:
		system.util.getLogger(chart.logname).info("chart end start")
		system.tag.writeBlocking([chart.basepath + 'SFC_Interaction/SFC_LastState'],['ending'])
		chart.cstate = 'end-in'
		
		#result = mes_generics.fake_endMESCycle(chart.basepath,chart.equipmentpath,None,chart.logname)
		seg = system.tag.readBlocking([chart.basepath + '/SFC_Interaction/CycleUUID'])[0]
		#result = mes_generics.endMESCycle(seg.value,chart.basepath,chart.equipmentpath,None)
		reslist = mes_generics.fetchResults(chart.basepath)
		#mes_generics.showResults(reslist)
		matins = []
		matouts = []
		
		lotdict = {}
		for k in reslist[1].keys():
			lno = reslist[1][k]['Lot'][1].value
			if lno != None and len(lno) == 8:
				matins.append([k,lno,'','',{}])
				try:
					lobj = system.mes.loadMaterialLot(lno,-1, 0)
					#print lobj.getLocationRef()
					lotdict[k] = lobj
				except:
					pass
		
		keys = lotdict.keys()
		keys.sort()
		for k in keys:
			#print k
			#print (lotdict[k].name)
			pn = ''
			allprops = (lotdict[k].getAllCustomProperties())
			for p in allprops:
				if p.name == 'PartNumber':
					pn = p.value[0:-2] + 'PH'
				#print (p.name,p.value)
			#print lotdict[k].getPropertyValue('PartNumber')
			o = k.replace('In','Out')
			#print o
			#print pn
			matouts.append([o,lotdict[k].name,'Ingot',1,{'PartNumber':pn}])
			#print '-----------------'
		
		#for mi in matins:
		#	print mi
		#for mo in matouts:
		#	print mo
			
		enddate = system.date.now()
		segmentUUID = system.tag.readBlocking([chart.basepath + '/SFC_Interaction/CycleUUID'])[0].value
		new_mes_generic.endMESautoCycle(segmentUUID,chart.basepath,chart.equipmentpath,enddate,matins,matouts)
		system.tag.writeBlocking([chart.basepath + '/SFC_Interaction/CycleEndTrigger'],[0])
		system.util.getLogger(chart.logname).info("chart end end")
	except:
		system.tag.writeBlocking([chart.basepath + '/SFC_Interaction/SFC_LastState'],['endFailed'])
		system.tag.writeBlocking([chart.basepath + '/SFC_Interaction/CycleEndTrigger'],[2])
		system.util.getLogger(chart.logname).info(str(traceback.format_exc()))
		return 0
		

	return 1</start-script>
	</step>
	<step id="20699c05-055e-4fb3-9cbd-ca1c935a87a3" location="2 19" name="UPD" factory-id="action-step">
		<start-script>def onStart(chart, step):
	"""
	This will run when the step starts, before any
	other action.

	Arguments:
		chart: A reference to the chart's scope.
		step: A reference to this step's scope.
	"""
	import mes_generics
	import traceback
	
	system.tag.writeBlocking([chart.basepath + '/SFC_Interaction/CycleStartTrigger'],[0])
	system.tag.writeBlocking([chart.basepath + '/SFC_Interaction/CycleEndTrigger'],[0])
	try:
		system.util.getLogger(chart.logname).info("chart update")
		system.tag.writeBlocking([chart.basepath + '/SFC_Interaction/SFC_LastState'],['UPD'])
		chart.cstate = 'UPD-in'
		
		result = mes_generics.fake_updateMESCycle(chart.basepath,chart.equipmentpath,{},None,chart.logname)
	
		chart.cstate = 'update-out'
		system.tag.writeBlocking([ chart.basepath + '/SFC_Interaction/CycleUpdateTrigger'],[result])
		system.tag.writeBlocking([chart.basepath + '/SFC_Interaction/CycleUpdateTrigger'],[0])
	except:
		system.tag.writeBlocking([chart.basepath + '/SFC_Interaction/SFC_LastState'],['updateFailed'])
		system.tag.writeBlocking([chart.basepath + '/SFC_Interaction/CycleUpdateTrigger'],[2])
		system.util.getLogger(chart.logname).info(str(traceback.format_exc()))
		return 0
	
	return 1</start-script>
	</step>
	<step id="55347ac7-f88c-48d8-9373-9d369989e2af" location="1 22" name="UpdateError" factory-id="action-step">
	</step>
	<step id="1f7d29ca-4fc9-4769-80fa-4ce7a12ee426" location="3 22" name="EndError" factory-id="action-step">
	</step>
	<step id="a084e289-4cd5-4dac-b2b2-3ae7c04e7647" location="4 22" name="CLS" factory-id="action-step">
	</step>
	<step id="d7f77faf-1252-4b7a-83c3-cade791a4eb3" location="5 22" name="INV" factory-id="action-step">
		<start-script>def onStart(chart, step):
	"""
	This will run when the step starts, before any
	other action.

	Arguments:
		chart: A reference to the chart's scope.
		step: A reference to this step's scope.
	"""
	import mes_generics

	system.tag.writeBlocking([chart.basepath + '/SFC_Interaction/SFC_LastState'],['MOV'])
	chart.cstate = 'Moving'
	movePath = None
	if chart.opname == 'autoPHP':
		movepath = 'Kaiser\KAW\Ingot Prep\Ingot Yard\Ingot Area'
	else:
		movepath = None
	destination = 'Ingot Area'
	duration = 10
	moveStart = system.date.now()
	moveEnd = system.date.addMinutes(moveStart,duration)
	#result = mes_generics.fake_moveMaterial(chart.basepath,chart.equipmentpath,destination,duration,movedate,chart.logname)
	if movePath != None:
		result = mes_generics.moveFromEquipmentToLocation(chart.equipmentpath,moveStart,movepath,moveEnd)
	system.tag.writeBlocking([chart.basepath + '/SFC_Interaction/SFC_LastState'],['Wait-for-Start'])

	system.util.getLogger(chart.logname).info("move completed")</start-script>
	</step>
	<step id="3194397b-61e4-4a22-8177-00ae29b3b3de" location="6 22" name="LAY" factory-id="action-step">
		<start-script>def onStart(chart, step):
	"""
	This will run when the step starts, before any
	other action.

	Arguments:
		chart: A reference to the chart's scope.
		step: A reference to this step's scope.
	"""
	import mes_generics
	skip="""
	system.tag.writeBlocking([chart.basepath + '/SFC_Interaction/SFC_LastState'],['MOV'])
	chart.cstate = 'Moving'
		
	destination = ''
	duration = 10
	moveStart = system.date.now()
	moveEnd = system.date.addMinutes(moveStart,duration)
	#result = mes_generics.fake_moveMaterial(chart.basepath,chart.equipmentpath,destination,duration,movedate,chart.logname)
	result = mes_generics.moveFromEquipmentToLocation(chart.equipmentpath,moveStart,chart.movepath,moveEnd)
	system.tag.writeBlocking([chart.basepath + '/SFC_Interaction/SFC_LastState'],['Wait-for-Start'])
	"""
	system.util.getLogger(chart.logname).info("move completed")
	
	return 1</start-script>
	</step>
	<step id="bda210c6-042f-4492-b5f7-e2b9598dac48" location="6 25" name="END" factory-id="action-step">
	</step>
	<transition id="f40460d6-d5fe-44f4-958b-3536dca1006d" location="2 1">tag({basepath}+"/SFC_Interaction/TrackAndTraceActive") = 1</transition>
	<transition id="98b16306-cc40-4bd7-a14e-caf6adb32a80" location="2 7">tag({basepath}+"/SFC_Interaction/CycleStartTrigger") = 1</transition>
	<transition id="8465b2c6-a970-426b-a83e-0872000d56e9" location="3 7">{iniFailed} = 1</transition>
	<transition id="339fb0f6-4e96-47c1-af85-ec34360a45fe" location="1 10">tag({basepath}+"/SFC_Interaction/CycleStartTrigger") &gt; 1</transition>
	<transition id="651c6442-1fed-4ca4-ab80-89f03c8cff76" location="3 10">tag({basepath}+"/SFC_Interaction/CycleStartTrigger") = 0</transition>
	<transition id="61dc2888-70cd-41e0-8c43-59be1514e3b6" location="3 13">tag({basepath}+"/SFC_Interaction/CycleEndTrigger") = 1</transition>
	<transition id="8c22f0c0-5807-4098-8e5d-67d0f1ee52b7" location="2 18" timeout-flag="statusTimeout">tag({basepath}+"/SFC_Interaction/CycleUpdateTrigger") = 1</transition>
	<transition id="7d320fa8-5609-474f-aa5b-27958a57a6b2" location="1 21">tag({basepath}+"/SFC_Interaction/CycleUpdateTrigger") &gt; 1</transition>
	<transition id="23f4928d-b956-4481-a0f0-73462c63072e" location="2 21">tag({basepath}+"/SFC_Interaction/CycleUpdateTrigger") = 0</transition>
	<transition id="7343423e-fe5f-4714-8a44-e6200e81564f" location="3 21">tag({basepath}+"/SFC_Interaction/CycleEndTrigger") &gt; 1</transition>
	<transition id="58a11781-b0fb-458c-af47-a7c3989250fe" location="4 21">{closelid} = 1</transition>
	<transition id="279cc6e0-6a9e-4351-a8ec-83a38e33355e" location="5 21">{movetoinventory} = 1</transition>
	<transition id="fde4fd35-8932-4bbf-b66f-0547f3401529" location="6 21">tag({[MES_Tags]Kaiser/KAW/Hot Rolling/Layon/mes/SFC_Interaction/CycleEndTrigger}) = 1</transition>
	<transition id="128c3a90-9f1d-404e-99fb-1f881eb12df7" location="6 24">{layedoff} = 1</transition>
	<transition id="a7f95a38-961b-4005-b8df-c65902392516" location="7 25">{layedoff} = 0</transition>
	<jump id="0667a49b-6121-40cc-b2cc-316f74de790b" location="3 8">I</jump>
	<jump id="d83bdb4c-f565-4170-9216-fa0df1840bdf" location="1 12">A</jump>
	<jump id="09e0f56e-617d-4f6b-9455-c6d8a0451a1f" location="2 24">U</jump>
	<jump id="5836bae2-3c5d-437d-906b-857107f5f9eb" location="5 27">L</jump>
	<jump id="31bd76b9-3b5a-4304-ba48-35e01a61154b" location="7 27">O</jump>
	<anchor id="5eca52ce-9d1f-45f1-b870-04f3bbabc953" location="1 3">A</anchor>
	<anchor id="c01b0b37-4657-499f-b364-563588f4242f" location="3 1">I</anchor>
	<anchor id="77fb382b-2066-4cab-8d41-37fa6324b13d" location="5 3">L</anchor>
	<anchor id="351d2da4-ec12-4ef7-91d9-d7d2c5d2b097" location="2 10">U</anchor>
	<anchor id="a2a4ef00-2627-4d40-9ee0-d4a7bc410057" location="7 14">O</anchor>
	<link id="72dade32-ac63-423f-a97a-4369ab72e700" location="2 2"><up/><down/><right/></link>
	<link id="a27e4dd3-13e9-4004-8c48-2d6d00f96f2c" location="3 2"><up/><left/><down/></link>
	<link id="dcf5bada-8d3f-4faf-91f4-01da7177b93b" location="1 4"><up/><down/><right/></link>
	<link id="a76a1111-5ec4-4869-8d36-a3024c228cf9" location="2 4"><up/><left/><down/><right/></link>
	<link id="9563300c-e748-45ae-930d-6d1c0ec60ffa" location="3 4"><up/><left/><down/><right/></link>
	<link id="ce1ecdb8-3a97-4fa9-8764-cf0d5365be73" location="4 4"><up/><left/><right/></link>
	<link id="c587f721-577f-4d67-af3c-fa08353e67aa" location="2 6"><up/><down/><right/></link>
	<link id="9e0d5892-5e92-438b-91d6-1b168eff56c1" location="5 4"><up/><left/><right/></link>
	<link id="58cbf023-c889-4d9d-a306-bb4a49329f11" location="3 6"><left/><down/><right/></link>
	<link id="29a4d4eb-b613-47a8-8ed5-4d25e9093ec4" location="1 9"><left/><down/><right/></link>
	<link id="8c24411f-78d7-410c-ba18-4710257bba84" location="2 9"><up/><left/><down/><right/></link>
	<link id="59316f1a-e764-4c75-a151-9ca86b3bd37b" location="3 9"><up/><left/><down/></link>
	<link id="a00afe5d-b027-4c1e-be29-60be64451476" location="2 11"><up/><left/><right/></link>
	<link id="7cf3b710-61cc-418f-b416-8d6b249ecd8e" location="3 11"><up/><left/><down/></link>
	<link id="25e72b59-6ac1-46c0-b073-d914f939617e" location="3 12"><up/><left/><down/><right/></link>
	<link id="6971714d-1cc9-4c28-b1fe-d766e886c23a" location="3 15"><up/><left/><down/><right/></link>
	<link id="811a4a39-6457-438b-a6b6-bc9380b398b6" location="4 15"><left/><right/></link>
	<link id="adee097d-ecec-4dbf-bce1-018a22ebba1b" location="5 15"><left/><right/></link>
	<link id="1870211e-5be0-4084-9d01-3e150bb4b8d4" location="6 15"><up/><left/><right/></link>
	<link id="90790b83-a666-461e-85c3-a347f79ad1f9" location="3 16"><up/><left/><down/></link>
	<link id="3b536213-9d97-4341-b674-edd370cd8ed1" location="7 15"><up/><left/><right/></link>
	<link id="b9ba6f2b-de32-434f-8746-fcc6eac7d6a8" location="2 17"><left/><down/><right/></link>
	<link id="910e0bf2-812d-4625-8dbc-d27a8a5e26b9" location="3 17"><up/><left/><down/><right/></link>
	<link id="0174ac88-57d0-4e12-85d9-8db8b840745f" location="4 17"><left/><down/><right/></link>
	<link id="aabaf98c-96b4-4887-860f-d0cf52d61a36" location="4 18"><up/><down/></link>
	<link id="745055a8-67b7-4f0b-8a37-8f5ca5825b00" location="4 19"><up/><down/></link>
	<link id="37ca4dda-c04e-45c1-a6e1-357fdb2a9dbb" location="1 20"><up/><down/><right/></link>
	<link id="dc8fca01-ded7-4d00-9bc5-ca7514a983ca" location="2 20"><up/><left/><down/></link>
	<link id="8cd8ba06-ad11-4e35-86f9-f360b9bd7bcf" location="3 20"><left/><down/><right/></link>
	<link id="ad17552f-2110-4664-abce-9c50610e6201" location="4 20"><up/><left/><down/><right/></link>
	<link id="764ce783-010b-4851-b5ad-432f23fa05d1" location="5 20"><up/><left/><down/><right/></link>
	<link id="1fc3ed94-8f66-40bd-816a-876325b4ec62" location="6 20"><left/><down/><right/></link>
	<link id="91304513-17af-4299-ae10-93ca74dc3923" location="2 22"><up/><down/></link>
	<link id="19f680d7-90cb-4950-b2e3-f7ddc1f67407" location="1 23"><up/><down/><right/></link>
	<link id="79f67111-ef1b-4994-884e-e9372f6913f1" location="2 23"><up/><left/><down/><right/></link>
	<link id="64a8b775-ae6c-4752-9e9b-ffa16b4240d2" location="3 23"><up/><left/><down/><right/></link>
	<link id="f06c25c2-d7bd-49ea-beaa-9927d51ba8be" location="4 23"><up/><left/><down/></link>
	<link id="edf3c951-5cb7-497b-9cc5-e79691704177" location="5 23"><up/><down/></link>
	<link id="f95725a6-faea-4ff0-86ea-ef2b7dfa45e1" location="6 23"><up/><left/><down/><right/></link>
	<link id="7a4f2daa-c50c-4d2e-a54a-f06a582410fa" location="7 23"><up/><left/><down/><right/></link>
	<link id="727b0ae4-cf23-4129-8170-85bb29ea9924" location="5 24"><up/><down/></link>
	<link id="03b119f4-8e7e-49d5-9d9a-43c5e73b2670" location="7 24"><up/><down/></link>
	<link id="36c2c4d3-5fbd-48ac-a6ba-bd83aefcd7ae" location="5 25"><up/><down/></link>
	<link id="292628d2-b9a8-4ccc-9077-03ef4136648a" location="5 26"><up/><left/><down/><right/></link>
	<link id="543a2ae5-c89a-4212-9061-4c0d4e93b9ba" location="6 26"><up/><left/><down/><right/></link>
	<link id="d2783f52-29e7-45b5-bfa2-3e5e0d63c090" location="7 26"><up/><down/></link>

</sfc>
