<?xml version="1.0" ?>
<sfc zoom="1.05" canvas="5 12" execution-mode="Callable" hot-editable="false" persist-state="true" redundant-sync="false">
	<step id="521315cb-f2ba-4300-a724-191ac111f044" location="1 1" name="__begin" factory-id="begin-step">
<parameters>
	<parameter><name>pathPrefix</name><expression>'[MES_Tags]Kaiser/KAW/Hot Rolling/'</expression></parameter>
	<parameter><name>managerEnabled</name><expression>1</expression></parameter>
	<parameter><name>furnaceStart</name><expression>1</expression></parameter>
	<parameter><name>furnaceEnd</name><expression>11</expression></parameter>
	<parameter><name>logname</name><expression>'HR_SFC_Manager'</expression></parameter>
	<parameter><name>furnace</name><expression>0</expression></parameter>
	<parameter><name>equipmentpath</name><expression>'eqPath'</expression></parameter>
	<parameter><name>test</name><expression>''</expression></parameter>
	<parameter><name>ChkScripts_Failed</name><expression>0</expression></parameter>
	<parameter><name>basepath</name><expression>''</expression></parameter>
	<parameter><name>Layon_Enabled</name><expression>1</expression></parameter>
	<parameter><name>HR132_Enabled</name><expression>0</expression></parameter>
	<parameter><name>Layon_Status</name><expression>''</expression></parameter>
	<parameter><name>HR132_Status</name><expression>''</expression></parameter>
</parameters>
	</step>
	<step id="5fa96914-e04c-4b18-85d5-94e8a1b2ed74" location="1 3" name="INI" factory-id="action-step">
		<stop-script>def onStop(chart, step):
	"""
	This will run when the step is finished and
	all other actions complete.

	Arguments:
		chart: A reference to the chart's scope.
		step: A reference to this step's scope.
	"""
	return 1</stop-script>
	</step>
	<step id="b69e41a5-f1c4-4142-8393-06012aa43409" location="1 6" name="ChkActive" factory-id="action-step">
		<start-script>def onStart(chart, step):
	"""
	This will run when the step starts, before any
	other action.

	Arguments:
		chart: A reference to the chart's scope.
		step: A reference to this step's scope.
	"""
	chart.Layon_Enabled  = system.tag.readBlocking(["[MES_Tags]Kaiser/KAW/Hot Rolling/Layon/mes/SFC_Interaction/TrackAndTraceActive"])[0].value
	chart.HR132_Enabled  = system.tag.readBlocking(["[MES_Tags]Kaiser/KAW/Hot Rolling/HR132/mes/SFC_Interaction/TrackAndTraceActive"])[0].value
</start-script>
	</step>
	<step id="8784bda8-065b-4062-bc56-79e9bdfd1554" location="1 7" name="ChkScripts" factory-id="action-step">
		<start-script>def onStart(chart, step):
	"""
	This will run when the step starts, before any
	other action.

	Arguments:
		chart: A reference to the chart's scope.
		step: A reference to this step's scope.
	"""
	import traceback
	
	sfcnames = ['HR_Layon_SFC','HR_HR132_SFC']
	sfcbasesuffixes = ['Layon/mes','HR132/mes']
	sfcequipment = ['Kaiser\KAW\Hot Rolling\Layon','Kaiser\KAW\Hot Rolling\HR132']
	sfclognames = ['Layon','HR132']
	#system.util.getLogger(chart.logname).info('line 16 %s' % system.date.now())
	startnames = []
	try:
		###################################################################
		###########################GET ALL RUNNING CHARTS##################
		charts = system.sfc.getRunningCharts()
		UUIDsNums = []	#init table of running SFCs
		enabled = 0
		for idx in range(0,len(sfcnames)):
			namefound = 0
			#system.util.getLogger(chart.logname).info('checking: ' + sfcnames[idx])
			exec("enabled = chart.%s_Enabled" % sfclognames[idx])
			for row in range(charts.getRowCount()):
				#system.util.getLogger(chart.logname).info(charts.getValueAt(row,1))
				if charts.getValueAt(row, 1) == sfcnames[idx] :
					namefound = 1
					if not enabled:
							system.util.getLogger(chart.logname).info('cancel: ' + sfcnames[idx])
							system.sfc.cancelChart(charts.getValueAt(row,0))
			if not namefound and enabled:
					if sfcnames[idx] not in startnames:
							startnames.append(sfcnames[idx])
		if len(startnames) &gt; 0:
			system.util.getLogger(chart.logname).info('starts: ' + str(startnames))							
		#all sfc that are running have been checked.
		enabled = 0
		for name in startnames:
			idx = sfcnames.index(name)
			system.util.getLogger(chart.logname).info('logname: ' + sfclognames[idx])
			system.util.getLogger(chart.logname).info('basepath: ' + chart.pathPrefix + '/' + sfcbasesuffixes[idx])
			system.util.getLogger(chart.logname).info('runSFC ' + str(sfcnames[idx]))
			MES_Run_SFC.runSFC(sfcnames[idx], chart.pathPrefix + sfcbasesuffixes[idx],
			sfcequipment[idx],
			sfclognames[idx])
			system.util.getLogger(chart.logname).info('runSFC ' + str(sfcnames[idx]) + ' ' + str(enabled))
	except:
		system.util.getLogger(chart.logname).info(str(traceback.format_exc()))
		chart.ChkScripts_Failed = 1
</start-script>
	</step>
	<step id="13dfcdae-7317-4ab8-a226-b8d4f42273aa" location="1 8" name="Iterate" factory-id="action-step">
		<start-script>def onStart(chart, step):
	"""
	This will run when the step starts, before any
	other action.

	Arguments:
		chart: A reference to the chart's scope.
		step: A reference to this step's scope.
	"""
	from time import sleep
	
	if chart.furnace &lt; chart.furnaceEnd:
		chart.furnace = chart.furnace + 1
	else:
		chart.furnace = chart.furnaceStart
		
	sleep(10.0)
		</start-script>
	</step>
	<transition id="11a71dbc-21b5-41c7-918c-b0955f888013" location="1 2">{managerEnabled} = 1</transition>
	<transition id="78b9b6fc-b4ef-49b2-82bb-50910434d37e" location="1 4">true</transition>
	<link id="a0740d98-01da-4b14-822c-c6a9b1c2fbf1" location="0 5"><up/><down/><right/></link>
	<link id="2b006325-d836-454d-9332-b059f1792071" location="1 5"><up/><left/><down/><right/></link>
	<link id="4ece6796-85d7-4ca9-abef-b3a859015483" location="0 6"><up/><down/></link>
	<link id="281858f0-2956-4dee-8061-932e06826c5d" location="0 7"><up/><down/></link>
	<link id="924765d0-61fc-416e-84a6-4576c8a000f2" location="0 8"><up/><down/></link>
	<link id="7af91821-b48e-4787-8312-f1401ad4a399" location="0 9"><up/><down/><right/></link>
	<link id="2218c993-8cec-4476-89ce-99ea2fe7b1bb" location="1 9"><up/><left/><down/><right/></link>

</sfc>
