<?xml version="1.0" ?>
<sfc zoom="1.05" canvas="12 21" execution-mode="Callable" hot-editable="false" persist-state="false" redundant-sync="false">
	<step id="cc45aa05-104e-4df5-8f2b-b5172e84cee0" location="2 0" name="__begin" factory-id="begin-step">
<parameters>
	<parameter><name>basepath</name><expression>'basepath'</expression></parameter>
	<parameter><name>equipmentpath</name><expression>'equipmentpath'</expression></parameter>
	<parameter key="true"><name>logname</name><expression>'IngotSawSFC'</expression></parameter>
	<parameter><name>historicEnabled</name><expression>0</expression></parameter>
</parameters>
	</step>
	<step id="73c506b0-fc89-4391-ae7b-caad76a300cd" location="2 3" name="INI" factory-id="action-step">
		<stop-script>def onStop(chart, step):
	"""
	This will run when the step is finished and
	all other actions complete.

	Arguments:
		chart: A reference to the chart's scope.
		step: A reference to this step's scope.
	"""
	import system

	chart.basepath = '[MES_Tags]Kaiser/KAW/Ingot Prep/Ingot Saw/mes'
	chart.equipmentpath = 'Kaiser\KAW\Ingot Prep\Ingot Saw'
	
	system.util.getLogger(chart.logname).info("initialization of %s" % chart.logname)
	system.util.getLogger(chart.logname).info('basepath:' + chart.basepath)
	system.util.getLogger(chart.logname).info('equipmentpath:' + chart.equipmentpath)
	system.util.getLogger(chart.logname).info('chartId:' + str(chart.instanceId))
	system.tag.writeBlocking(
		[chart.basepath + '/SFC_Interaction/SFC_LastState',
		chart.basepath + '/SFC_Interaction/Notification'],['INI','Initialized'])
	
	
	initdate = system.date.parse(system.date.now(),'yyyy-MM-dd HH:mm:ss')
	system.tag.writeBlocking([
		chart.basepath + '/SFC_Interaction/CycleStartTrigger',
		chart.basepath + '/SFC_Interaction/CycleStartResetDate'],[0,initdate])
	system.tag.writeBlocking([
			chart.basepath + '/SFC_Interaction/CycleUpdateTrigger',
			chart.basepath + '/SFC_Interaction/CycleUpdateResetDate'],[0,initdate])
	system.tag.writeBlocking([
			chart.basepath + '/SFC_Interaction/CycleEndTrigger',
			chart.basepath + '/SFC_Interaction/CycleEndResetDate'],[0,initdate])
			
	return 1</stop-script>
	</step>
	<step id="62ebb709-185f-4454-bfc6-50b2af5991fd" location="2 5" name="Wait" factory-id="action-step">
		<stop-script>def onStop(chart, step):
	"""
	This will run when the step is finished and
	all other actions complete.

	Arguments:
		chart: A reference to the chart's scope.
		step: A reference to this step's scope.
	"""
	import traceback
	
	try:
		pathSuffix = '/ISAW1/Material Out %d/Lot'
		lot1 = system.tag.readBlocking([chart.basepath + pathSuffix %1])[0]	#grab material output lot 1
		lot2 = system.tag.readBlocking([chart.basepath + pathSuffix %2])[0]	#grab material output lot 2
		system.tag.writeBlocking([chart.basepath + '/OutLot1_toPLC'],[lot1])	#return lot 1 to PLC for verification
		system.tag.writeBlocking([chart.basepath + '/OutLot2_toPLC'],[lot2])	#return lot 2 to PLC for verification
		###This verification is done in the PLC between updating the MES lots and setting the start trigger.
		####The start trigger does not get set until both the PLC's sent lots and the MES's returned lots match!
		
	except:
		system.util.getLogger(chart.logname).info(str(traceback.format_exc()))
	
	system.tag.writeBlocking([chart.basepath + '/SFC_Interaction/SFC_LastState'],['WAIT'])
	return 1</stop-script>
	</step>
	<step id="013d7c29-5abc-435d-99b0-9ff87615ba03" location="2 8" name="BEG" factory-id="action-step">
		<start-script>def onStart(chart, step):
	"""
	This will run when the step starts, before any
	other action.

	Arguments:
		chart: A reference to the chart's scope.
		step: A reference to this step's scope.
	"""
	import utils
	import system
	import sfc_generics
	
	system.util.getLogger(chart.logname).info("chart start")
	system.tag.writeBlocking([chart.basepath + '/SFC_Interaction/SFC_LastState'],['starting'])
	chart.cstate = 'start-in'

	chart.opname = system.tag.readBlocking([chart.basepath + '/SFC_Interaction/CycleOperation'])[0].value
	
	# current lot not existing: create it out of thin air
	# current lot not in Ingot Inventory: move it to ingot inventory
	
	op = system.mes.getCurrentOperation(chart.equipmentpath)
	if op != None:
		system.util.getLogger(chart.logname).info('Abort active operation')
		op.abort()
		system.tag.writeBlocking([chart.basepath + '/SFC_Interaction/Notification',chart.basepath + '/SFC_Interaction/CycleUUID'],['Abort existing operation',''])

	startdate = None

	try:
		inputlot = system.tag.readBlocking(['[MES_Tags]Kaiser/KAW/Ingot Prep/Ingot Saw/mes/ISAW1/Material In/Lot'])[0]
		ml = None
		if utils.checkForObject(inputlot.value,'MaterialLot'):
			ml = system.mes.loadMaterialLot(inputlot.value,-1,1)
			statement = 'lot exists' + str(inputlot.value)
			system.tag.writeBlocking(['[MES_Tags]Kaiser/KAW/Ingot Prep/Ingot Saw/mes/SFC_Interaction/Notification'],[statement])
		else:
			system.util.getLogger(chart.logname).info('Material does not exist for lot ' + str(inputlot.value))
		
			
		###sfc_generics temporarilly commented out for troubleshooting###
		#rslt,reason = sfc_generics.sfc_begin(chart.basepath,chart.equipmentpath,chart.opname,startdate)
		#system.tag.writeBlocking([chart.basepath + '/SFC_Interaction/Notification'],[reason])
		system.tag.writeBlocking([
			chart.basepath + '/SFC_Interaction/CycleStartTrigger',
			chart.basepath + '/SFC_Interaction/CycleStartResetDate'],[0,system.date.now()])	#temporarilly set to 0 while generics is commented out.
	except:
		system.util.getLogger(chart.logname).info("start exception")
		system.tag.writeBlocking([
			chart.basepath + '/SFC_Interaction/CycleStartTrigger',
			chart.basepath + '/SFC_Interaction/CycleStartResetDate'],[0,system.date.now()])
			
	system.tag.writeBlocking([chart.basepath + '/SFC_Interaction/SFC_LastState'],['BEG'])
	return 1
</start-script>
	</step>
	<step id="c5ebed83-3f9f-48fd-aa45-bd0136ce8306" location="5 8" name="IDL" factory-id="action-step">
		<start-script>def onStart(chart, step):
	"""
	This will run when the step starts, before any
	other action.

	Arguments:
		chart: A reference to the chart's scope.
		step: A reference to this step's scope.
	"""
	system.util.getLogger("Generic_MES_SFC_Chart").info("chart idle")
	mes_generics.updateSFC(chart.basepath,'eqidle','equipment not running')
	</start-script>
	</step>
	<step id="17c64402-dd9e-4253-98e8-bcc3345b131c" location="1 11" name="StartError" factory-id="action-step">
	</step>
	<step id="20699c05-055e-4fb3-9cbd-ca1c935a87a3" location="2 15" name="UPD" factory-id="action-step">
		<start-script>def onStart(chart, step):
	"""
	This will run when the step starts, before any
	other action.

	Arguments:
		chart: A reference to the chart's scope.
		step: A reference to this step's scope.
	"""
	import system
	import sfc_generics
	import VolatileAlloy_Check
	import traceback
	
	if chart.opname == 'CAST':
		VolatileAlloy_Check.check(chart.basepath,1)
	system.tag.writeBlocking([chart.basepath + '/SFC_Interaction/SFC_LastState'],['UPD'])
	chart.cstate = 'UPD-in'
	try:
		rslt,reason = sfc_generics.sfc_update(chart.basepath,chart.equipmentpath,chart.opname)
	except:
		system.util.getLogger(chart.logname).info(str(traceback.format_exc()))
		result = 0
		reason = 'Exception in update'
		pass

	
	system.tag.writeBlocking([
		chart.basepath + '/SFC_Interaction/CycleUpdateTrigger',
		chart.basepath + '/SFC_Interaction/CycleUpdateResetDate',
		chart.basepath + '/SFC_Interaction/Notification'],[rslt,system.date.now(),reason])
	chart.cstate = 'update-out'</start-script>
	</step>
	<step id="0a22a985-944d-4889-bc83-32b2fa4a15c3" location="4 15" name="End" factory-id="action-step">
		<start-script>def onStart(chart, step):
	"""
	This will run when the step starts, before any
	other action.

	Arguments:
		chart: A reference to the chart's scope.
		step: A reference to this step's scope.
	"""
	import sfc_generics
	import VolatileAlloy_Check
	import traceback
	import system
	
	system.tag.writeBlocking([chart.basepath + '/SFC_Interaction/SFC_LastState'],['ending-0'])
	chart.cstate = 'end-in'
	enddate = None

	rslt = 2
	reason = 'Unknown'
	system.tag.writeBlocking([
		chart.basepath + '/SFC_Interaction/Notification',
		chart.basepath + '/SFC_Interaction/CycleEndResetDate'],[str(rslt) + ' ' + reason,system.date.now()])
		
	try:
	
		if chart.opname == 'CAST':
			VolatileAlloy_Check.check(chart.basepath,1)
			if chart.historicEnabled:
				enddate = system.tag.readBlocking([chart.basepath + '/SFC_Interaction/dropend'])[0].value
			
		system.tag.writeBlocking([chart.basepath + '/SFC_Interaction/SFC_LastState'],['ending-1'])
		###sfc_generis temporarily commented out for troubleshooting###
		#rslt,reason = sfc_generics.sfc_update(chart.basepath,chart.equipmentpath,chart.opname)

		system.tag.writeBlocking([
			###commented while generics is commented
			#chart.basepath + '/SFC_Interaction/Notification',
			#chart.basepath + '/SFC_Interaction/CycleEndResetDate'],[str(rslt) + ' ' + reason,system.date.now()])
			chart.basepath + '/SFC_Interaction/CycleEndResetDate'],[system.date.now()])
		system.util.getLogger(chart.logname).info('update ' + str(rslt) + ' ' + reason)
		#manipulate response segment properties and materials here
		system.tag.writeBlocking([chart.basepath + '/SFC_Interaction/SFC_LastState'],['ending-2'])
		
		system.util.getLogger(chart.logname).info("call populateResponseCustomProperties")
		###sfc_generis temporarily commented out for troubleshooting###
		#rslt,reason = sfc_generics.populateResponseCustomProperties(chart.basepath,chart.equipmentpath,chart.opname)

		system.tag.writeBlocking([
			###commented while generics is commented
			#chart.basepath + '/SFC_Interaction/Notification',
			#chart.basepath + '/SFC_Interaction/CycleEndResetDate'],[str(rslt) + ' ' + reason,system.date.now()])
			chart.basepath + '/SFC_Interaction/CycleEndResetDate'],[system.date.now()])
		system.util.getLogger(chart.logname).info('opseg ' + str(rslt) + ' ' + reason)
		
		#manipulate material property results here
		system.tag.writeBlocking([chart.basepath + '/SFC_Interaction/SFC_LastState'],['ending-3'])
		system.util.getLogger(chart.logname).info("call populateAllMaterialCustomProperties")
		###sfc_generis temporarily commented out for troubleshooting###
		#rslt,reason = sfc_generics.populateAllMaterialCustomProperties(chart.basepath,chart.equipmentpath,chart.opname)
		#system.util.getLogger(chart.logname).info('popmat ' + str(rslt) + ' ' + reason)
		
		if chart.opname == 'CAST':
		  try:
			# all the automatic assignments have been done, now the sfc specifics can be done.
			pn = system.tag.readBlocking(['[MES_Tags]Sandbox/SandboxLine/mes/' + chart.opname + '/partNumber'])[0]
			for mpno in range(1,7):
				mplotno = system.tag.readBlocking([chart.basepath + '/' + chart.opname + '/' + 'Mold Position %s/Lot' % mpno])[0].value
				#print mplotno
				if len(mplotno) &gt; 7:
					system.util.getLogger(chart.logname).info('special %s %s' % (chart.opname,mplotno))
					vtdict = {}
					vtdict['partNumber'] = ['String',pn.value,'','']
					vtdict['moldPos'] = ['Int4', mpno, '','']
					#print vtdict
					#sfc_generics.assignDictionaryToLot(mplotno,{'partNumber':[pn['value'].value,pn['dataType']],'moldPos':[mpno,'integer']})
					###sfc_generis temporarily commented out for troubleshooting###
					#rslt,reason = sfc_generics.assignDictionaryToLot(mplotno,vtdict)	
					#system.util.getLogger(chart.logname).info('end ' + str(rslt) + ' ' + reason)
		  except:
			system.util.getLogger(chart.logname).info(str(traceback.format_exc()))
			pass
		
		system.tag.writeBlocking([chart.basepath + '/SFC_Interaction/SFC_LastState'],['ending-4'])
		system.util.getLogger(chart.logname).info("call end")
		###sfc_generis temporarily commented out for troubleshooting###
		#rslt,reason = sfc_generics.sfc_end(chart.basepath,chart.equipmentpath,chart.opname,enddate)

		#system.util.getLogger(chart.logname).info('end ' + str(rslt) + ' ' + reason)
		system.tag.writeBlocking([
			###commented while sfc_generics is commented
			#chart.basepath + '/SFC_Interaction/CycleEndTrigger',
			#chart.basepath + '/SFC_Interaction/Notification',
			#chart.basepath + '/SFC_Interaction/CycleEndResetDate'],[rslt,reason,system.date.now()])
			chart.basepath + '/SFC_Interaction/CycleEndTrigger',
			chart.basepath + '/SFC_Interaction/CycleEndResetDate'],[0,system.date.now()])	#Temporary while generics is commented.
	except:
		system.util.getLogger(chart.logname).info(str(traceback.format_exc()))
		raise
		#system.tag.writeBlocking([chart.basepath + '/SFC_Interaction/SFC_LastState'],['ending-4'])
		system.util.getLogger(chart.logname).info("end exception")
		system.tag.writeBlocking([
			chart.basepath + '/SFC_Interaction/CycleEndTrigger',
			chart.basepath + '/SFC_Interaction/CycleEndResetDate'],[2,system.date.now()])
	#system.tag.writeBlocking([chart.basepath + '/SFC_Interaction/SFC_LastState'],['ending-6'])
	#system.tag.writeBlocking([chart.basepath + '/SFC_Interaction/SFC_LastState'],['END'])
	return 1</start-script>
	</step>
	<step id="55347ac7-f88c-48d8-9373-9d369989e2af" location="1 18" name="UpdateError" factory-id="action-step">
	</step>
	<step id="1f7d29ca-4fc9-4769-80fa-4ce7a12ee426" location="3 18" name="EndError" factory-id="action-step">
	</step>
	<step id="3194397b-61e4-4a22-8177-00ae29b3b3de" location="4 18" name="MOV" factory-id="action-step">
		<start-script>def onStart(chart, step):
	"""
	This will run when the step starts, before any
	other action.

	Arguments:
		chart: A reference to the chart's scope.
		step: A reference to this step's scope.
	"""
	import system
	import traceback
	
	system.tag.writeBlocking([chart.basepath + '/SFC_Interaction/SFC_LastState',chart.basepath + '/SFC_Interaction/Notification'],['MOV','move start'])
	
	if chart.opname == 'CAST':
		movestart = system.date.now()
		moveend = system.date.now()
		DEBUGALL = 0
		system.util.getLogger(chart.logname).info("mes move %s" % chart.equipmentpath)
		try:
		 lotinv = system.mes.getLotInventoryByEquipment(chart.equipmentpath,1)
		 #print (lotinv)
	 	 for lotData in lotinv:
	 	  try:
			#print ( lotData.getLotNumber() )
			lno = lotData.getLotNumber()
			system.util.getLogger(chart.logname).info('move for lot: ' + lno)
			luuid = lotData.getMaterialLotUUID()
			mname = lotData.getMaterialName()
			outPath = ''
			transportEq = ''
			psName = 'Move Ingot To Yard'
			if mname == 'Ingot':
				#psName = 'AsCast Ingot Move'
				duration = 0
				outPath = 'Kaiser\KAW\Ingot Prep\Ingot Yard\Ingot Area'
				transportEq = 'Kaiser\KAW\Casting\Transport\Trucks\Ingot Transport'
			if mname == 'Volatile Ingot':
				duration = 0
				#psName = 'Safe Ingot Move'
				psName = 'Move Volatile Ingot'
				outPath = 'Kaiser\KAW\Ingot Prep\Ingot Yard\Stress Relief Staging'
				transportEq = 'Kaiser\KAW\Casting\Transport\Trucks\Ingot Safe Transport'

			## create segment		
			seg = system.mes.createSegment(psName, transportEq, 0)

			movestart = system.date.now()
			moveend = system.date.addMinutes(movestart,duration)
			
			##Begin Segment
			#seg = seg.begin(movestart)
			#print seg
			#print 'Response Segment Begun\n'
			seg.setMaterial('Material In', lno, 1.0)
			seg.setMaterial('Material Out', mname, outPath, lno, 1.0)
			
			#Commit the changes
			#seg = seg.update()
			# if nones for date and time it will take 1 minutes
		
			##Begin Segment
			#seg = seg.begin(movestart)
			seg = seg.begin()

		
			#print seg
			#print 'Response Segment Updated\n'
		
			#print 'Ending response segment'
			#End the segment
			#seg = seg.end(moveend)
			seg = seg.end()
			#print seg
			#print 'Response Segment Ended\n'
		  except:
			system.util.getLogger(chart.logname).info(str(traceback.format_exc()))
			system.tag.writeBlocking([chart.basepath + '/SFC_Interaction/Notification'],['exception in move' + lno])
			pass
		except:
			system.util.getLogger(chart.logname).info(str(traceback.format_exc()))
			system.tag.writeBlocking([chart.basepath + '/SFC_Interaction/Notification'],['exception outer mov'])
			pass
		system.tag.writeBlocking([chart.basepath + '/SFC_Interaction/Notification'],['outer mov end'])
	else:
		system.tag.writeBlocking([chart.basepath + '/SFC_Interaction/Notification'],['no additional move'])
		
	system.tag.writeBlocking([chart.basepath + '/SFC_Interaction/Notification',
		chart.basepath + '/SFC_Interaction/CycleEndResetDate'],['moved ',system.date.now()])		
	return 1</start-script>
	</step>
	<step id="754d7bb7-e7d1-4936-99e1-a5200d274f2e" location="5 18" name="ABORT" factory-id="action-step">
	</step>
	<transition id="8552daf3-56bc-424f-a092-17551c56b40a" location="2 1">tag({basepath}+
"/SFC_Interaction/TrackAndTraceActive") = 1</transition>
	<transition id="65c10145-eebd-4fec-9bff-eddb5ffc6ff4" location="1 7">tag({basepath}+
"/SFC_Interaction/CycleStartTrigger") = 0 &amp;
~ tag({basepath}+"/Started")</transition>
	<transition id="98b16306-cc40-4bd7-a14e-caf6adb32a80" location="2 7">tag({basepath}+
"/SFC_Interaction/CycleStartTrigger") = 1</transition>
	<transition id="2096739b-331b-4a29-9343-ae85081ab572" location="5 7">{iniFailed} = 1</transition>
	<transition id="339fb0f6-4e96-47c1-af85-ec34360a45fe" location="1 10">tag({basepath}+
"/SFC_Interaction/CycleStartTrigger") &gt; 1</transition>
	<transition id="651c6442-1fed-4ca4-ab80-89f03c8cff76" location="3 10">tag({basepath}+
"/SFC_Interaction/CycleStartTrigger") = 0</transition>
	<transition id="8c22f0c0-5807-4098-8e5d-67d0f1ee52b7" location="2 14" timeout-flag="statusTimeout">tag({basepath}+
"/SFC_Interaction/CycleUpdateTrigger") = 1</transition>
	<transition id="61dc2888-70cd-41e0-8c43-59be1514e3b6" location="4 14">tag({basepath}+
"/SFC_Interaction/CycleEndTrigger") = 1</transition>
	<transition id="7d320fa8-5609-474f-aa5b-27958a57a6b2" location="1 17">tag({basepath}+
"/SFC_Interaction/CycleUpdateTrigger") &gt; 1</transition>
	<transition id="23f4928d-b956-4481-a0f0-73462c63072e" location="2 17">tag({basepath}+
"/SFC_Interaction/CycleUpdateTrigger") = 0</transition>
	<transition id="7343423e-fe5f-4714-8a44-e6200e81564f" location="3 17">tag({basepath}+
"/SFC_Interaction/CycleEndTrigger") &gt; 1</transition>
	<transition id="fde4fd35-8932-4bbf-b66f-0547f3401529" location="4 17">tag({basepath}+
"/SFC_Interaction/CycleEndTrigger") = 0</transition>
	<transition id="b8a4ee0e-93d3-4bf0-8fca-849aeb32a99d" location="5 17">tag({basepath}+
"/SFC_Interaction/CycleEndTrigger") &lt; 0</transition>
	<jump id="ad0c0716-8dfb-4d4f-885d-f710f8660db1" location="1 8">A</jump>
	<jump id="3c88215d-047b-4b69-8399-5d88dbd45571" location="5 9">I</jump>
	<jump id="d83bdb4c-f565-4170-9216-fa0df1840bdf" location="1 12">A</jump>
	<jump id="a7d14573-8f31-4846-8562-9db7298e5cf5" location="2 20">U</jump>
	<jump id="5836bae2-3c5d-437d-906b-857107f5f9eb" location="4 20">L</jump>
	<anchor id="5eca52ce-9d1f-45f1-b870-04f3bbabc953" location="1 3">A</anchor>
	<anchor id="698bd835-c82c-4c23-8c99-cd7ba710b296" location="5 0">I</anchor>
	<anchor id="77fb382b-2066-4cab-8d41-37fa6324b13d" location="4 3">L</anchor>
	<anchor id="351d2da4-ec12-4ef7-91d9-d7d2c5d2b097" location="2 10">U</anchor>
	<link id="57896f49-0c46-4fe4-a57c-434cfb0511fa" location="2 2"><up/><left/><down/><right/></link>
	<link id="71b9e3ed-d2e7-463f-8bdc-18f8f3734358" location="3 2"><left/><right/></link>
	<link id="f17c4ed7-3b08-44b0-b222-e693ccc266e4" location="1 4"><up/><down/><right/></link>
	<link id="d8f47e3f-c368-46ae-9cf3-3ca332a0bfa5" location="2 4"><up/><left/><down/><right/></link>
	<link id="6833c948-8aaf-4453-bee1-75194fe44320" location="4 2"><left/><right/></link>
	<link id="2dd9225d-f699-4f92-92fc-41b3758c474d" location="3 4"><left/><right/></link>
	<link id="ff2f3788-6423-458e-b3be-c94b834f02c0" location="5 1"><up/><left/><down/></link>
	<link id="094844af-dced-4af0-9548-5d867a11946c" location="5 2"><up/><left/><down/><right/></link>
	<link id="28ab6ed4-4902-403a-9b4a-4493ac4c3910" location="4 4"><up/><left/><down/></link>
	<link id="bbda6ea2-ebce-44a8-affb-f8ef51323baa" location="1 6"><left/><down/><right/></link>
	<link id="502b16c1-2080-44a8-9f34-4594f0e82b0d" location="2 6"><up/><left/><down/><right/></link>
	<link id="5d46da3b-c1bf-46c9-b483-21a033244632" location="3 6"><left/><right/></link>
	<link id="6763307c-0972-4f8e-921f-02952b2078cb" location="4 6"><left/><right/></link>
	<link id="c1bb1358-9d23-4ad7-868e-628e604c4716" location="5 6"><left/><down/><right/></link>
	<link id="29a4d4eb-b613-47a8-8ed5-4d25e9093ec4" location="1 9"><left/><down/><right/></link>
	<link id="8c24411f-78d7-410c-ba18-4710257bba84" location="2 9"><up/><left/><down/><right/></link>
	<link id="dbbc0a13-ea74-4262-aad9-05b928eba4c7" location="3 9"><up/><left/><down/></link>
	<link id="ca106fcf-0477-4725-b6f6-38c5d516bac0" location="2 11"><up/><left/><right/></link>
	<link id="f451aea5-1626-4ad0-931b-fc211c54f47e" location="3 11"><up/><left/><down/></link>
	<link id="026f718b-6f34-4366-b0dc-dddd3cc1f3e6" location="3 12"><up/><down/></link>
	<link id="fd3d00af-5a8d-4ed1-bbca-776e5d631751" location="2 13"><up/><left/><down/><right/></link>
	<link id="25e72b59-6ac1-46c0-b073-d914f939617e" location="3 13"><up/><left/><right/></link>
	<link id="b27bccab-b77c-48ac-b801-94f714746a6a" location="4 13"><left/><down/><right/></link>
	<link id="aba89c88-90e3-4366-a434-cc2c491e20f2" location="1 16"><up/><down/><right/></link>
	<link id="dc8fca01-ded7-4d00-9bc5-ca7514a983ca" location="2 16"><up/><left/><down/></link>
	<link id="cc636bb2-9743-472b-a691-72b1789faf8d" location="3 16"><left/><down/><right/></link>
	<link id="a57e3bb0-4644-46f5-91e7-e0793d40a311" location="4 16"><up/><left/><down/><right/></link>
	<link id="433b6bcf-8b5d-4720-9fc8-d551e3e7e24f" location="5 16"><up/><left/><down/><right/></link>
	<link id="8a275a81-213b-42bb-925e-4dce8b6c597c" location="2 18"><up/><down/></link>
	<link id="a9d22b88-ad80-4671-bd0a-a72ac219d019" location="1 19"><up/><down/><right/></link>
	<link id="0ee7d279-70b4-4e85-8c82-57705614414f" location="2 19"><up/><left/><down/><right/></link>
	<link id="59cfeb98-ccae-4caf-abf3-d21fa7e88bb1" location="3 19"><up/><left/><down/></link>
	<link id="f18319dd-8086-401e-8e11-da919526f50b" location="4 19"><up/><left/><down/><right/></link>
	<link id="1418a9d0-f961-4b16-9a11-b15d18701312" location="5 19"><up/><left/><down/></link>

</sfc>
