{
  "custom": {},
  "params": {},
  "props": {
    "defaultSize": {
      "height": 837,
      "width": 1323
    }
  },
  "root": {
    "children": [
      {
        "events": {
          "component": {
            "nodeClicked": {
              "config": {
                "script": "\tif event.getType() \u003d\u003d \u0027ResponseSegment\u0027:\n\t\tself.getSibling(\"emb_opInfo\").props.params.responseSegUUID \u003d event.getUUID()\n\telse:\n\t\tself.getSibling(\"emb_opInfo\").props.params.responseSegUUID \u003d \u0027\u0027"
              },
              "scope": "G",
              "type": "script"
            }
          }
        },
        "meta": {
          "name": "MES Trace Graph"
        },
        "position": {
          "height": 0.5603,
          "width": 0.9414,
          "x": 0.0096,
          "y": 0.0878
        },
        "propConfig": {
          "props.lotUUID": {
            "binding": {
              "config": {
                "path": "../mesLotSelector.props.selectedLotUUID"
              },
              "type": "property"
            }
          }
        },
        "type": "mes.trace.traceGraph"
      },
      {
        "meta": {
          "name": "mesObjectSelector"
        },
        "position": {
          "height": 0.0633,
          "width": 0.1855,
          "x": 0.0114,
          "y": 0.0154
        },
        "props": {
          "displayText": "MES Area",
          "includeMESAreaObjects": true,
          "selectedMESObject": {
            "childCount": -1
          }
        },
        "type": "mes.production.mesObjectSelector"
      },
      {
        "events": {
          "component": {
            "objectSelected": {
              "config": {
                "script": "\tself.getSibling(\"Table\").props.data"
              },
              "scope": "G",
              "type": "script"
            }
          }
        },
        "meta": {
          "name": "mesObjectSelector_0"
        },
        "position": {
          "height": 0.0633,
          "width": 0.2619,
          "x": 0.2076,
          "y": 0.018
        },
        "propConfig": {
          "props.parentMESObjectPath": {
            "binding": {
              "config": {
                "path": "../mesObjectSelector.props.selectedMESObject.equipmentPath"
              },
              "type": "property"
            }
          }
        },
        "props": {
          "displayText": "MES Location",
          "includeMESLineObjects": true,
          "includeMESStorageUnitObjects": true,
          "selectedMESObject": {
            "childCount": 0
          }
        },
        "type": "mes.production.mesObjectSelector"
      },
      {
        "meta": {
          "name": "Table"
        },
        "position": {
          "height": 0.3608,
          "width": 0.9347,
          "x": 0.0172,
          "y": 0.6272
        },
        "props": {
          "data": [
            {
              "city": {
                "align": "center",
                "editable": true,
                "justify": "left",
                "style": {
                  "backgroundColor": "#F7901D",
                  "classes": "some-class"
                },
                "value": "Folsom"
              },
              "country": "United States",
              "population": 77271
            },
            {
              "city": "Helsinki",
              "country": "Finland",
              "population": 635591
            },
            {
              "city": "Jakarta",
              "country": "Indonesia",
              "population": 10187595
            },
            {
              "city": "Madrid",
              "country": "Spain",
              "population": 3233527
            },
            {
              "city": "Prague",
              "country": "Czech Republic",
              "population": 1241664
            },
            {
              "city": "San Diego",
              "country": "United States",
              "population": 1406630
            },
            {
              "city": "San Francisco",
              "country": "United States",
              "population": 884363
            },
            {
              "city": "Shanghai",
              "country": "China",
              "population": 24153000
            },
            {
              "city": "Tokyo",
              "country": "Japan",
              "population": 13617000
            },
            {
              "city": "Washington, DC",
              "country": "United States",
              "population": 658893
            },
            {
              "city": "Wellington",
              "country": "New Zealand",
              "population": 405000
            },
            {
              "city": "Delhi",
              "country": "India",
              "population": 11034555
            },
            {
              "city": "Dhaka",
              "country": "Bangladesh",
              "population": 14399000
            },
            {
              "city": "Lagos",
              "country": "Nigeria",
              "population": 16060303
            },
            {
              "city": "Karachi",
              "country": "Pakistan",
              "population": 14910352
            },
            {
              "city": "Istanbul",
              "country": "Turkey",
              "population": 14025000
            },
            {
              "city": "Cairo",
              "country": "Egypt",
              "population": 10230350
            },
            {
              "city": "Mexico City",
              "country": "Mexico",
              "population": 8974724
            },
            {
              "city": "London",
              "country": "United Kingdom",
              "population": 8825001
            },
            {
              "city": "New York City",
              "country": "United States",
              "population": 8622698
            },
            {
              "city": "Tehran",
              "country": "Iran",
              "population": 8154051
            },
            {
              "city": "Bogota",
              "country": "Colombia",
              "population": 7878783
            },
            {
              "city": "Rio de Janeiro",
              "country": "Brazil",
              "population": 6429923
            },
            {
              "city": "Riyadh",
              "country": "Saudi Arabia",
              "population": 5676621
            },
            {
              "city": "Singapore",
              "country": "Singapore",
              "population": 5535000
            },
            {
              "city": "Saint Petersburg",
              "country": "Russia",
              "population": 5191690
            },
            {
              "city": "Sydney",
              "country": "Australia",
              "population": 208374
            },
            {
              "city": "Abidjan",
              "country": "Ivory Coast",
              "population": 4765000
            },
            {
              "city": "Dar es Salaam",
              "country": "Tanzania",
              "population": 4364541
            },
            {
              "city": "Wellington",
              "country": "New Zealand",
              "population": 405000
            },
            {
              "city": "Los Angeles",
              "country": "United States",
              "population": 3884307
            },
            {
              "city": "Berlin",
              "country": "Germany",
              "population": 3517424
            },
            {
              "city": "Jeddah",
              "country": "Saudi Arabia",
              "population": 3456259
            },
            {
              "city": "Kabul",
              "country": "Afghanistan",
              "population": 3414100
            },
            {
              "city": "Mashhad",
              "country": "Iran",
              "population": 3001184
            },
            {
              "city": "Milan",
              "country": "Italy",
              "population": 1359905
            },
            {
              "city": "Kiev",
              "country": "Ukraine",
              "population": 2908703
            },
            {
              "city": "Rome",
              "country": "Italy",
              "population": 2877215
            },
            {
              "city": "Chicago",
              "country": "United States",
              "population": 2695598
            },
            {
              "city": "Osaka",
              "country": "Japan",
              "population": 2691742
            },
            {
              "city": "Bandung",
              "country": "Indonesia",
              "population": 2575478
            },
            {
              "city": "Managua",
              "country": "Nicaragua",
              "population": 2560789
            },
            {
              "city": "Paris",
              "country": "France",
              "population": 2229621
            },
            {
              "city": "Shiraz",
              "country": "Iran",
              "population": 1869001
            },
            {
              "city": "Manila",
              "country": "Philippines",
              "population": 1780148
            },
            {
              "city": "Montreal",
              "country": "Canada",
              "population": 1649519
            },
            {
              "city": "Guadalajara",
              "country": "Mexico",
              "population": 1495189
            },
            {
              "city": "Dallas",
              "country": "United States",
              "population": 1317929
            },
            {
              "city": "Yerevan",
              "country": "Armenia",
              "population": 1060138
            },
            {
              "city": "Tunis",
              "country": "Tunisia",
              "population": 1056247
            }
          ]
        },
        "type": "ia.display.table"
      },
      {
        "meta": {
          "name": "DateTimeInput"
        },
        "position": {
          "height": 0.0382,
          "width": 0.1261,
          "x": 0.8159,
          "y": 0.0276
        },
        "props": {
          "formattedValue": "Dec 12, 2023 12:00 AM",
          "value": {
            "$": [
              "ts",
              0,
              1702325186521
            ],
            "$ts": 1702368000000
          }
        },
        "type": "ia.input.date-time-input"
      },
      {
        "meta": {
          "name": "DateTimeInput_0"
        },
        "position": {
          "height": 0.0382,
          "width": 0.1261,
          "x": 0.6305,
          "y": 0.0264
        },
        "props": {
          "formattedValue": "Dec 11, 2023 12:00 AM",
          "value": {
            "$": [
              "ts",
              0,
              1702336391405
            ],
            "$ts": 1702281600000
          }
        },
        "type": "ia.input.date-time-input"
      },
      {
        "events": {
          "component": {
            "onActionPerformed": {
              "config": {
                "script": "\tfrom java.util import Calendar\n\tlogger \u003d system.util.getLogger(\u0027Inventory Tracegraph\u0027)\n\tfilter \u003d system.mes.inventory.filter.createFilter()\n\tfilter.setIncludeCompleteLots(True)\n\tfilter.setIncludeSupplementalEquipment(True)\n\t#filter.setEquipmentClassName(\u0027Vinegar Tanks\u0027)\n\tfilter.setEquipmentPath(self.getSibling(\"mesObjectSelector_0\").props.selectedMESObject.equipmentPath)\n\tlogger.info(str(self.getSibling(\"mesObjectSelector_0\").props.selectedMESObject.equipmentPath))\n\t\n\tbeginCal \u003d Calendar.getInstance()\n\tbeginCal.setTime(self.getSibling(\"DateTimeInput_0\").props.value)\n\tfilter.setBeginDateTime(beginCal)\n\t\n\tendCal \u003d Calendar.getInstance()\n\tendCal.setTime(self.getSibling(\"DateTimeInput\").props.value)\n\tfilter.setEndDateTime(endCal)\n\t\n\tlogger.info(str(beginCal.getTime()) + \u0027 \u0027 + str(endCal.getTime()))\n\tresults \u003d system.mes.getInventory(filter)\n\tlogger.info(\u0027post filter\u0027)\n\tlogger.info(str(results))\n\tfor rowIndex in range(results.getRowCount()):\n\t    logger.info(str(results.getValueAt(rowIndex, 1)))"
              },
              "scope": "G",
              "type": "script"
            }
          }
        },
        "meta": {
          "name": "Button"
        },
        "position": {
          "height": 0.0406,
          "width": 0.0593,
          "x": 0.5074,
          "y": 0.0264
        },
        "props": {
          "text": "Query"
        },
        "type": "ia.input.button"
      },
      {
        "meta": {
          "name": "Label"
        },
        "position": {
          "height": 0.0382,
          "width": 0.0297,
          "x": 0.7722,
          "y": 0.0276
        },
        "props": {
          "text": "To:"
        },
        "type": "ia.display.label"
      },
      {
        "meta": {
          "name": "Label_0"
        },
        "position": {
          "height": 0.0382,
          "rotate": {
            "anchor": "196% 50%"
          },
          "width": 0.0371,
          "x": 0.5845,
          "y": 0.0288
        },
        "props": {
          "text": "From:"
        },
        "type": "ia.display.label"
      }
    ],
    "meta": {
      "name": "root"
    },
    "props": {
      "mode": "percent"
    },
    "type": "ia.container.coord"
  }
}