<?xml version="1.0" ?>
<sfc zoom="1.0" canvas="5 12" execution-mode="Callable" hot-editable="false" persist-state="true" redundant-sync="false">
	<step id="521315cb-f2ba-4300-a724-191ac111f044" location="1 1" name="__begin" factory-id="begin-step">
<parameters>
	<parameter><name>pathPreffix</name><expression>'[MES_Tags]Kaiser/KAW/Soaking Pits/'</expression></parameter>
	<parameter><name>managerEnabled</name><expression>1</expression></parameter>
	<parameter><name>furnaceStart</name><expression>1</expression></parameter>
	<parameter><name>furnaceEnd</name><expression>3</expression></parameter>
	<parameter><name>logname</name><expression>'Soak_SFC_Manager'</expression></parameter>
	<parameter><name>furnace</name><expression>0</expression></parameter>
	<parameter><name>equipmentpath</name><expression>'eqPath'</expression></parameter>
	<parameter><name>test</name><expression>''</expression></parameter>
	<parameter><name>ChkScripts_Failed</name><expression>0</expression></parameter>
	<parameter><name>basepath</name><expression>''</expression></parameter>
	<parameter><name>PIT01_Enabled</name><expression>1</expression></parameter>
	<parameter><name>PIT02_Enabled</name><expression>1</expression></parameter>
	<parameter><name>PIT03_Enabled</name><expression>1</expression></parameter>
	<parameter><name>PIT04_Enabled</name><expression>1</expression></parameter>
	<parameter><name>PIT05_Enabled</name><expression>1</expression></parameter>
	<parameter><name>PIT06_Enabled</name><expression>1</expression></parameter>
	<parameter><name>PIT07_Enabled</name><expression>1</expression></parameter>
	<parameter><name>PIT08_Enabled</name><expression>1</expression></parameter>
	<parameter><name>PIT09_Enabled</name><expression>1</expression></parameter>
	<parameter><name>PIT10_Enabled</name><expression>1</expression></parameter>
	<parameter><name>PIT11_Enabled</name><expression>1</expression></parameter>
	<parameter><name>PIT01_Status</name><expression>''</expression></parameter>
	<parameter><name>PIT02_Status</name><expression>''</expression></parameter>
	<parameter><name>PIT03_Status</name><expression>''</expression></parameter>
	<parameter><name>PIT04_Status</name><expression>''</expression></parameter>
	<parameter><name>PIT05_Status</name><expression>''</expression></parameter>
	<parameter><name>PIT06_Status</name><expression>''</expression></parameter>
	<parameter><name>PIT07_Status</name><expression>''</expression></parameter>
	<parameter><name>PIT08_Status</name><expression>''</expression></parameter>
	<parameter><name>PIT09_Status</name><expression>''</expression></parameter>
	<parameter><name>PIT10_Status</name><expression>''</expression></parameter>
	<parameter><name>PIT11_Status</name><expression>''</expression></parameter>
</parameters>
	</step>
	<step id="5fa96914-e04c-4b18-85d5-94e8a1b2ed74" location="1 3" name="INI" factory-id="action-step">
		<stop-script>def onStop(chart, step):
	"""
	This will run when the step is finished and
	all other actions complete.

	Arguments:
		chart: A reference to the chart's scope.
		step: A reference to this step's scope.
	"""
	import mes_generics
	#chart.logname = 'DC0-Pit'
	#chart.basepath = '[MES_Tags]Kaiser/KAW/Stress Relief/Reheat 1/mes'
	#chart.equipmentpath = '[MES_Tags]Kaiser\KAW\Stress Relief\Reheat 1'
	system.util.getLogger(chart.logname).info("chart initialize a")
	result = mes_generics.noop(chart.logname)
	system.util.getLogger(chart.logname).info("chart initialize b")
	system.util.getLogger(chart.logname).info('chartId:' + str(chart.instanceId))
	result = mes_generics.initializeMESInteractions(chart.pathPreffix,chart.equipmentpath,chart.instanceId)</stop-script>
	</step>
	<step id="b69e41a5-f1c4-4142-8393-06012aa43409" location="1 6" name="ChkActive" factory-id="action-step">
		<start-script>def onStart(chart, step):
	"""
	This will run when the step starts, before any
	other action.

	Arguments:
		chart: A reference to the chart's scope.
		step: A reference to this step's scope.
	"""
	import traceback
	try:
		for pitno in range(1,11):
			{'chart.PIT%02d_Enabled  = system.tag.readBlocking(["[MES_Tags]Kaiser/KAW/Soaking Pits/Pit %02d/mes/SFC_Interaction/TrackAndTraceActive"])[0].value' % (pitno,pitno)}
	except:
		system.util.getLogger(chart.logname).info(str(traceback.format_exc()))</start-script>
	</step>
	<step id="8784bda8-065b-4062-bc56-79e9bdfd1554" location="1 7" name="ChkScripts" factory-id="action-step">
		<start-script>def onStart(chart, step):
	"""
	This will run when the step starts, before any
	other action.

	Arguments:
		chart: A reference to the chart's scope.
		step: A reference to this step's scope.
	"""
	import traceback
	
	try:
		###################################################################
		###########################GET ALL RUNNING CHARTS##################
		charts = system.sfc.getRunningCharts()
		
		UUIDs = []	#init table of running SFCs
		for row in range(charts.getRowCount()):
			if charts.getValueAt(row, 1) == 'Soak_SFC':	#only care aboSOAK_SFCs
				UUIDs.append(charts.getValueAt(row, 0))		#append just the UUID
		#by now the table has all the running furnace SFCs
		UUIDsNums = []
		for UUID in UUIDs:
			text        = system.sfc.getVariables(UUID)['basepath']
			textRHIndex = text.find('Pit ') + 4
			text        = text[textRHIndex:]
			UUIDsNums.append([str(UUID),str(text[:text.find('/')])])	#save UUID and furnace number.
		
		
		
		###############################################################################
		#################################TRY TO START THE SFC##########################
		########Using the current value of chart.furnace as the furnace number#########
		
		instanceRunning = False
		for row in UUIDsNums:
			if row[1] == str(chart.furnace):	#check if an instance is already running.
				instanceRunning = True
				
		enabled = False
		exec("enabled = chart.PIT%02d_Enabled" %chart.furnace)
		if instanceRunning:
			exec('chart.PIT%02d_Status = "PIT%02d SFC Running"' %(chart.furnace,chart.furnace))
			if not enabled:	#if the furnace trackAndTraceActive is not true, turn off the SFC if it is active.
				exec('chart.PIT%02d_Status = "PIT%02d SFC Slated for Shutdown"' %(chart.furnace,chart.furnace))
				system.util.getLogger(chart.logname).info('PIT%02d SFC Slated for Shutdown'%chart.furnace)
				table = []
				for row in range(charts.getRowCount()):
					cols = []
					cols.append(charts.getValueAt(row, 1))	#append UUID of chart
					cols.append(charts.getValueAt(row, 0))	#append chart name
					table.append(cols)						#slam "cols" into "table" 
	
				for chrt in table:
					if chrt[0] == 'Soak_SFC':	#only look through all the charts that are using a specific SFC.
						sfcBasePath = str(system.sfc.getVariables(chrt[1])['basepath'])	#get the value in "basepath"
						if sfcBasePath.find('Pit %02d' %chart.furnace) != -1:	#check if the furnace number is in one of the "basepath" values.
							exec('PIT_Status = chart.PIT%02d_Status' %chart.furnace) 
							#if RH_Status.find('Running') != -1: #if the known status is "running"
							system.sfc.cancelChart(chrt[1])		#end the SFC using the UUID since it's not enabled.
							exec('chart.PIT%02d_Status = "PIT%02d SFC Inactive"' %(chart.furnace,chart.furnace))
							system.util.getLogger(chart.logname).info('PIT%02d SFC Inactive'%chart.furnace)	#log it in the gatway!
		else:
			if enabled:	#make sure to turn on the SFC if it isn't already and trackAndTraceActive is true.
				exec('chart.PIT%02d_Status = "PIT%02d SFC Starting"' %(chart.furnace,chart.furnace))
				system.util.getLogger(chart.logname).info('PIT%02d SFC Starting'%chart.furnace)	#log it in the gatway!
				MES_Run_SFC.pitSFC(str(chart.furnace))		#runs the furnace SFC
				system.util.getLogger(chart.logname).info('PIT%02d SFC Running'%chart.furnace)	#log it in the gatway!
			else:
				exec('chart.PIT%02d_Status = "PIT%02d SFC Inactive"' %(chart.furnace,chart.furnace))
		chart.ChkScripts_Failed = 0	#the whole try block code executed successfully, so the check did not fail!
	except:
		system.util.getLogger(chart.logname).info(str(traceback.format_exc()))
		chart.ChkScripts_Failed = 1
</start-script>
	</step>
	<step id="13dfcdae-7317-4ab8-a226-b8d4f42273aa" location="1 8" name="Iterate" factory-id="action-step">
		<start-script>def onStart(chart, step):
	"""
	This will run when the step starts, before any
	other action.

	Arguments:
		chart: A reference to the chart's scope.
		step: A reference to this step's scope.
	"""
	from time import sleep
	
	if chart.furnace &lt; chart.furnaceEnd:
		chart.furnace = chart.furnace + 1
	else:
		chart.furnace = chart.furnaceStart
		
	sleep(10.0)
		</start-script>
	</step>
	<transition id="11a71dbc-21b5-41c7-918c-b0955f888013" location="1 2">{managerEnabled} = 1</transition>
	<transition id="78b9b6fc-b4ef-49b2-82bb-50910434d37e" location="1 4">true</transition>
	<link id="a0740d98-01da-4b14-822c-c6a9b1c2fbf1" location="0 5"><up/><down/><right/></link>
	<link id="2b006325-d836-454d-9332-b059f1792071" location="1 5"><up/><left/><down/><right/></link>
	<link id="4ece6796-85d7-4ca9-abef-b3a859015483" location="0 6"><up/><down/></link>
	<link id="281858f0-2956-4dee-8061-932e06826c5d" location="0 7"><up/><down/></link>
	<link id="924765d0-61fc-416e-84a6-4576c8a000f2" location="0 8"><up/><down/></link>
	<link id="7af91821-b48e-4787-8312-f1401ad4a399" location="0 9"><up/><down/><right/></link>
	<link id="2218c993-8cec-4476-89ce-99ea2fe7b1bb" location="1 9"><up/><left/><down/><right/></link>

</sfc>
