<?xml version="1.0" ?>
<sfc zoom="1.05" canvas="12 27" execution-mode="Callable" hot-editable="false" persist-state="false" redundant-sync="false">
	<step id="cc45aa05-104e-4df5-8f2b-b5172e84cee0" location="4 0" name="__begin" factory-id="begin-step">
<parameters>
	<parameter><name>basepath</name><expression>'basepath'</expression></parameter>
	<parameter><name>equipmentpath</name><expression>'equipmentpath'</expression></parameter>
	<parameter><name>logname</name><expression>'SandboxSFC'</expression></parameter>
	<parameter><name>historicEnabled</name><expression>1</expression></parameter>
</parameters>
	</step>
	<step id="73c506b0-fc89-4391-ae7b-caad76a300cd" location="4 4" name="INI" factory-id="action-step">
		<stop-script>def onStop(chart, step):
	"""
	This will run when the step is finished and
	all other actions complete.

	Arguments:
		chart: A reference to the chart's scope.
		step: A reference to this step's scope.
	"""
	import system

	chart.basepath = '[MES_Tags]Sandbox/SandboxLine/mes'
	chart.equipmentpath = 'Kaiser\KAW\Sandbox\SandboxLine'
	
	system.util.getLogger(chart.logname).info("initialization of %s" % chart.logname)
	system.util.getLogger(chart.logname).info('basepath:' + chart.basepath)
	system.util.getLogger(chart.logname).info('equipmentpath:' + chart.equipmentpath)
	system.util.getLogger(chart.logname).info('chartId:' + str(chart.instanceId))
	system.tag.writeBlocking(
		[chart.basepath + '/SFC_Interaction/SFC_LastState',
		chart.basepath + '/SFC_Interaction/Notification'],['INI','Initialized'])
	
	
	initdate = system.date.parse(system.date.now(),'yyyy-MM-dd HH:mm:ss')
	system.tag.writeBlocking([
		chart.basepath + '/SFC_Interaction/CycleStartTrigger',
		chart.basepath + '/SFC_Interaction/CycleStartResetDate'],[0,initdate])
	system.tag.writeBlocking([
			chart.basepath + '/SFC_Interaction/CycleUpdateTrigger',
			chart.basepath + '/SFC_Interaction/CycleUpdateResetDate'],[0,initdate])
	system.tag.writeBlocking([
			chart.basepath + '/SFC_Interaction/CycleEndTrigger',
			chart.basepath + '/SFC_Interaction/CycleEndResetDate'],[0,initdate])
			
	return 1</stop-script>
	</step>
	<step id="62ebb709-185f-4454-bfc6-50b2af5991fd" location="4 7" name="Wait" factory-id="action-step">
		<stop-script>def onStop(chart, step):
	"""
	This will run when the step is finished and
	all other actions complete.

	Arguments:
		chart: A reference to the chart's scope.
		step: A reference to this step's scope.
	"""
	system.tag.writeBlocking([chart.basepath + '/SFC_Interaction/SFC_LastState'],['INI'])
	return 1</stop-script>
	</step>
	<step id="c5ebed83-3f9f-48fd-aa45-bd0136ce8306" location="1 12" name="IDL" factory-id="action-step">
		<start-script>def onStart(chart, step):
	"""
	This will run when the step starts, before any
	other action.

	Arguments:
		chart: A reference to the chart's scope.
		step: A reference to this step's scope.
	"""
	system.util.getLogger("Generic_MES_SFC_Chart").info("chart idle")
	mes_generics.updateSFC(chart.basepath,'eqidle','equipment not running')
	</start-script>
	</step>
	<step id="013d7c29-5abc-435d-99b0-9ff87615ba03" location="4 12" name="BEG" factory-id="action-step">
		<start-script>def onStart(chart, step):
	"""
	This will run when the step starts, before any
	other action.

	Arguments:
		chart: A reference to the chart's scope.
		step: A reference to this step's scope.
	"""
	import sfc_generics
	
	system.util.getLogger(chart.logname).info("chart start")
	system.tag.writeBlocking([chart.basepath + '/SFC_Interaction/SFC_LastState'],['starting'])
	chart.cstate = 'start-in'

	chart.opname = system.tag.readBlocking([chart.basepath + '/SFC_Interaction/CycleOperation'])[0].value
	startdate = None
	
	system.util.getLogger(chart.logname).info(chart.opname + ' beg: ' + str( startdate ) + ' en ' + str( chart.historicEnabled ) )
	
	if chart.opname == 'CAST' and chart.historicEnabled == 1 :
		startdate = system.tag.readBlocking([chart.basepath + '/historicStart'])[0].value
		
	system.util.getLogger(chart.logname).info(chart.opname + ' beg: ' + str( startdate ))

	try:
		rslt,reason = sfc_generics.sfc_begin(chart.basepath,chart.equipmentpath,chart.opname,startdate)
		system.tag.writeBlocking([chart.basepath + '/SFC_Interaction/Notification'],[reason])
		system.tag.writeBlocking([
			chart.basepath + '/SFC_Interaction/CycleStartTrigger',
			chart.basepath + '/SFC_Interaction/CycleStartResetDate'],[rslt,system.date.now()])
	except:
		system.util.getLogger(chart.logname).info("start exception")
		system.tag.writeBlocking([
			chart.basepath + '/SFC_Interaction/CycleStartTrigger',
			chart.basepath + '/SFC_Interaction/CycleStartResetDate'],[2,system.date.now()])
			
	system.tag.writeBlocking([chart.basepath + '/SFC_Interaction/SFC_LastState'],['BEG'])
	return 1
</start-script>
	</step>
	<step id="17c64402-dd9e-4253-98e8-bcc3345b131c" location="3 15" name="StartError" factory-id="action-step">
	</step>
	<step id="20699c05-055e-4fb3-9cbd-ca1c935a87a3" location="4 20" name="UPD" factory-id="action-step">
		<start-script>def onStart(chart, step):
	"""
	This will run when the step starts, before any
	other action.

	Arguments:
		chart: A reference to the chart's scope.
		step: A reference to this step's scope.
	"""
	import system
	import sfc_generics
	import VolatileAlloy_Check
	import traceback
	
	if chart.opname == 'CAST':
		VolatileAlloy_Check.check(chart.basepath,1)
	system.tag.writeBlocking([chart.basepath + '/SFC_Interaction/SFC_LastState'],['UPD'])
	chart.cstate = 'UPD-in'
	try:
		rslt,reason = sfc_generics.sfc_update(chart.basepath,chart.equipmentpath,chart.opname)
	except:
		system.util.getLogger(chart.logname).info(str(traceback.format_exc()))
		result = 0
		reason = 'Exception in update'
		pass

	
	system.tag.writeBlocking([
		chart.basepath + '/SFC_Interaction/CycleUpdateTrigger',
		chart.basepath + '/SFC_Interaction/CycleUpdateResetDate',
		chart.basepath + '/SFC_Interaction/Notification'],[rslt,system.date.now(),reason])
	chart.cstate = 'update-out'</start-script>
	</step>
	<step id="0a22a985-944d-4889-bc83-32b2fa4a15c3" location="7 20" name="End" factory-id="action-step">
		<start-script>def onStart(chart, step):
	"""
	This will run when the step starts, before any
	other action.

	Arguments:
		chart: A reference to the chart's scope.
		step: A reference to this step's scope.
	"""
	import sfc_generics
	import VolatileAlloy_Check
	import traceback
	import system
	
	system.tag.writeBlocking([chart.basepath + '/SFC_Interaction/SFC_LastState'],['ending-0'])
	chart.cstate = 'end-in'
	enddate = None

	rslt = 2
	reason = 'Unknown'
	system.tag.writeBlocking([
		chart.basepath + '/SFC_Interaction/Notification',
		chart.basepath + '/SFC_Interaction/CycleEndResetDate'],[str(rslt) + ' ' + reason,system.date.now()])
		
	try:
	
		if chart.opname == 'CAST':
			VolatileAlloy_Check.check(chart.basepath,1)
			if chart.historicEnabled:
				enddate = system.tag.readBlocking([chart.basepath + '/SFC_Interaction/dropend'])[0].value
			
		system.tag.writeBlocking([chart.basepath + '/SFC_Interaction/SFC_LastState'],['ending-1'])
		rslt,reason = sfc_generics.sfc_update(chart.basepath,chart.equipmentpath,chart.opname)
		#print 'test2 update',rslt,reason
		system.tag.writeBlocking([
			chart.basepath + '/SFC_Interaction/Notification',
			chart.basepath + '/SFC_Interaction/CycleEndResetDate'],[str(rslt) + ' ' + reason,system.date.now()])
		system.util.getLogger(chart.logname).info('update ' + str(rslt) + ' ' + reason)
		#manipulate response segment properties and materials here
		system.tag.writeBlocking([chart.basepath + '/SFC_Interaction/SFC_LastState'],['ending-2'])
		
		system.util.getLogger(chart.logname).info("call populateResponseCustomProperties")
		rslt,reason = sfc_generics.populateResponseCustomProperties(chart.basepath,chart.equipmentpath,chart.opname)
		#print 'test2 popResponse',rslt,reason
		system.tag.writeBlocking([
			chart.basepath + '/SFC_Interaction/Notification',
			chart.basepath + '/SFC_Interaction/CycleEndResetDate'],[str(rslt) + ' ' + reason,system.date.now()])
		system.util.getLogger(chart.logname).info('opseg ' + str(rslt) + ' ' + reason)
		
		#manipulate material property results here
		#print 'test2 mout1',rslt,reason
		system.tag.writeBlocking([chart.basepath + '/SFC_Interaction/SFC_LastState'],['ending-3'])
		system.util.getLogger(chart.logname).info("call populateAllMaterialCustomProperties")
		rslt,reason = sfc_generics.populateAllMaterialCustomProperties(chart.basepath,chart.equipmentpath,chart.opname)
		#print 'test2 popAllmats',rslt,reason
		system.util.getLogger(chart.logname).info('popmat ' + str(rslt) + ' ' + reason)
		
		if chart.opname == 'CAST':
		  try:
			# all the automatic assignments have been done, now the sfc specifics can be done.
			pn = system.tag.readBlocking(['[MES_Tags]Sandbox/SandboxLine/mes/' + chart.opname + '/partNumber'])[0]
			for mpno in range(1,7):
				mplotno = system.tag.readBlocking([chart.basepath + '/' + chart.opname + '/' + 'Mold Position %s/Lot' % mpno])[0].value
				#print mplotno
				if len(mplotno) &gt; 7:
					system.util.getLogger(chart.logname).info('special %s %s' % (chart.opname,mplotno))
					vtdict = {}
					vtdict['partNumber'] = ['String',pn.value,'','']
					vtdict['moldPos'] = ['Int4', mpno, '','']
					#print vtdict
					#sfc_generics.assignDictionaryToLot(mplotno,{'partNumber':[pn['value'].value,pn['dataType']],'moldPos':[mpno,'integer']})
					rslt,reason = sfc_generics.assignDictionaryToLot(mplotno,vtdict)	
					system.util.getLogger(chart.logname).info('end ' + str(rslt) + ' ' + reason)
		  except:
			system.util.getLogger(chart.logname).info(str(traceback.format_exc()))
			pass
		
		system.tag.writeBlocking([chart.basepath + '/SFC_Interaction/SFC_LastState'],['ending-4'])
		system.util.getLogger(chart.logname).info("call end")
		rslt,reason = sfc_generics.sfc_end(chart.basepath,chart.equipmentpath,chart.opname,enddate)
		#print rslt,reason
		system.util.getLogger(chart.logname).info('end ' + str(rslt) + ' ' + reason)
		system.tag.writeBlocking([
			chart.basepath + '/SFC_Interaction/CycleEndTrigger',
			chart.basepath + '/SFC_Interaction/Notification',
			chart.basepath + '/SFC_Interaction/CycleEndResetDate'],[rslt,reason,system.date.now()])
	except:
		system.util.getLogger(chart.logname).info(str(traceback.format_exc()))
		raise
		#system.tag.writeBlocking([chart.basepath + '/SFC_Interaction/SFC_LastState'],['ending-4'])
		system.util.getLogger(chart.logname).info("end exception")
		system.tag.writeBlocking([
			chart.basepath + '/SFC_Interaction/CycleEndTrigger',
			chart.basepath + '/SFC_Interaction/CycleEndResetDate'],[2,system.date.now()])
	#system.tag.writeBlocking([chart.basepath + '/SFC_Interaction/SFC_LastState'],['ending-6'])
	#system.tag.writeBlocking([chart.basepath + '/SFC_Interaction/SFC_LastState'],['END'])
	return 1</start-script>
	</step>
	<step id="55347ac7-f88c-48d8-9373-9d369989e2af" location="2 23" name="UpdateError" factory-id="action-step">
	</step>
	<step id="1f7d29ca-4fc9-4769-80fa-4ce7a12ee426" location="5 23" name="EndError" factory-id="action-step">
	</step>
	<step id="3194397b-61e4-4a22-8177-00ae29b3b3de" location="7 25" name="MOV" factory-id="action-step">
		<start-script>def onStart(chart, step):
	"""
	This will run when the step starts, before any
	other action.

	Arguments:
		chart: A reference to the chart's scope.
		step: A reference to this step's scope.
	"""
	import system
	import traceback
	
	system.tag.writeBlocking([chart.basepath + '/SFC_Interaction/SFC_LastState',chart.basepath + '/SFC_Interaction/Notification'],['MOV','move start'])
	
	if chart.opname == 'CAST':
		movestart = system.date.now()
		moveend = system.date.now()
		DEBUGALL = 0
		system.util.getLogger(chart.logname).info("mes move %s" % chart.equipmentpath)
		try:
		 lotinv = system.mes.getLotInventoryByEquipment(chart.equipmentpath,1)
		 #print (lotinv)
	 	 for lotData in lotinv:
	 	  try:
			#print ( lotData.getLotNumber() )
			lno = lotData.getLotNumber()
			system.util.getLogger(chart.logname).info('move for lot: ' + lno)
			luuid = lotData.getMaterialLotUUID()
			mname = lotData.getMaterialName()
			outPath = ''
			transportEq = ''
			psName = 'Move Ingot To Yard'
			if mname == 'Ingot':
				#psName = 'AsCast Ingot Move'
				duration = 0
				outPath = 'Kaiser\KAW\Ingot Prep\Ingot Yard\Ingot Area'
				transportEq = 'Kaiser\KAW\Casting\Transport\Trucks\Ingot Transport'
			if mname == 'Volatile Ingot':
				duration = 0
				#psName = 'Safe Ingot Move'
				psName = 'Move Volatile Ingot'
				outPath = 'Kaiser\KAW\Ingot Prep\Ingot Yard\Stress Relief Staging'
				transportEq = 'Kaiser\KAW\Casting\Transport\Trucks\Ingot Safe Transport'

			## create segment		
			seg = system.mes.createSegment(psName, transportEq, 0)

			movestart = system.date.now()
			moveend = system.date.addMinutes(movestart,duration)
			
			##Begin Segment
			#seg = seg.begin(movestart)
			#print seg
			#print 'Response Segment Begun\n'
			seg.setMaterial('Material In', lno, 1.0)
			seg.setMaterial('Material Out', mname, outPath, lno, 1.0)
			
			#Commit the changes
			#seg = seg.update()
			# if nones for date and time it will take 1 minutes
		
			##Begin Segment
			#seg = seg.begin(movestart)
			seg = seg.begin()

		
			#print seg
			#print 'Response Segment Updated\n'
		
			#print 'Ending response segment'
			#End the segment
			#seg = seg.end(moveend)
			seg = seg.end()
			#print seg
			#print 'Response Segment Ended\n'
		  except:
			system.util.getLogger(chart.logname).info(str(traceback.format_exc()))
			system.tag.writeBlocking([chart.basepath + '/SFC_Interaction/Notification'],['exception in move' + lno])
			pass
		except:
			system.util.getLogger(chart.logname).info(str(traceback.format_exc()))
			system.tag.writeBlocking([chart.basepath + '/SFC_Interaction/Notification'],['exception outer mov'])
			pass
		system.tag.writeBlocking([chart.basepath + '/SFC_Interaction/Notification'],['outer mov end'])
	else:
		system.tag.writeBlocking([chart.basepath + '/SFC_Interaction/Notification'],['no additional move'])
		
	system.tag.writeBlocking([chart.basepath + '/SFC_Interaction/Notification',
		chart.basepath + '/SFC_Interaction/CycleEndResetDate'],['moved ',system.date.now()])		
	return 1</start-script>
	</step>
	<step id="754d7bb7-e7d1-4936-99e1-a5200d274f2e" location="10 24" name="ABORT" factory-id="action-step">
	</step>
	<transition id="8552daf3-56bc-424f-a092-17551c56b40a" location="4 2">tag('[MES_Tags]Sandbox/SandboxLine/mes/SFC_Interaction/TrackAndTraceActive') = true</transition>
	<transition id="e4ef0641-810d-4caa-994b-989e8b8204b4" location="4 6">true</transition>
	<transition id="2096739b-331b-4a29-9343-ae85081ab572" location="1 11">{[MES_Tags]Sandbox/SandboxLine/mes/SFC_Interaction/TrackAndTraceActive} != true</transition>
	<transition id="98b16306-cc40-4bd7-a14e-caf6adb32a80" location="4 11">{[MES_Tags]Sandbox/SandboxLine/mes/SFC_Interaction/CycleStartTrigger} = 1</transition>
	<transition id="339fb0f6-4e96-47c1-af85-ec34360a45fe" location="3 14">{[MES_Tags]Sandbox/SandboxLine/mes/SFC_Interaction/CycleStartTrigger} &gt; 1</transition>
	<transition id="651c6442-1fed-4ca4-ab80-89f03c8cff76" location="5 14">{[MES_Tags]Sandbox/SandboxLine/mes/SFC_Interaction/CycleStartTrigger} = 0</transition>
	<transition id="8c22f0c0-5807-4098-8e5d-67d0f1ee52b7" location="4 19" timeout-flag="statusTimeout">{[MES_Tags]Sandbox/SandboxLine/mes/SFC_Interaction/CycleUpdateTrigger} = 1</transition>
	<transition id="61dc2888-70cd-41e0-8c43-59be1514e3b6" location="7 19">{[MES_Tags]Sandbox/SandboxLine/mes/SFC_Interaction/CycleEndTrigger} = 1</transition>
	<transition id="7d320fa8-5609-474f-aa5b-27958a57a6b2" location="2 22">{[MES_Tags]Sandbox/SandboxLine/mes/SFC_Interaction/CycleUpdateTrigger} &gt; 1</transition>
	<transition id="23f4928d-b956-4481-a0f0-73462c63072e" location="4 22">{[MES_Tags]Sandbox/SandboxLine/mes/SFC_Interaction/CycleUpdateTrigger} = 0</transition>
	<transition id="7343423e-fe5f-4714-8a44-e6200e81564f" location="5 22">{[MES_Tags]Sandbox/SandboxLine/mes/SFC_Interaction/CycleEndTrigger} &gt; 1</transition>
	<transition id="fde4fd35-8932-4bbf-b66f-0547f3401529" location="7 22">{[MES_Tags]Sandbox/SandboxLine/mes/SFC_Interaction/CycleEndTrigger} = 0</transition>
	<transition id="b8a4ee0e-93d3-4bf0-8fca-849aeb32a99d" location="10 22">{[MES_Tags]Sandbox/SandboxLine/mes/SFC_Interaction/CycleEndTrigger} &lt; 0</transition>
	<jump id="3c88215d-047b-4b69-8399-5d88dbd45571" location="1 13">I</jump>
	<jump id="d83bdb4c-f565-4170-9216-fa0df1840bdf" location="3 16">A</jump>
	<jump id="a7d14573-8f31-4846-8562-9db7298e5cf5" location="4 25">U</jump>
	<jump id="5836bae2-3c5d-437d-906b-857107f5f9eb" location="7 26">L</jump>
	<jump id="cc8b49a7-c944-4a25-8d6f-4c99012b35a3" location="10 25">L</jump>
	<anchor id="5eca52ce-9d1f-45f1-b870-04f3bbabc953" location="2 4">A</anchor>
	<anchor id="698bd835-c82c-4c23-8c99-cd7ba710b296" location="6 0">I</anchor>
	<anchor id="77fb382b-2066-4cab-8d41-37fa6324b13d" location="7 4">L</anchor>
	<anchor id="351d2da4-ec12-4ef7-91d9-d7d2c5d2b097" location="1 16">U</anchor>
	<link id="d5cadcf1-9af0-4831-a273-6fe15f901deb" location="4 1"><up/><down/></link>
	<link id="57896f49-0c46-4fe4-a57c-434cfb0511fa" location="4 3"><up/><left/><down/><right/></link>
	<link id="f17c4ed7-3b08-44b0-b222-e693ccc266e4" location="2 5"><up/><down/><right/></link>
	<link id="9384822b-a729-4191-b11d-45a9d353d191" location="3 5"><left/><right/></link>
	<link id="29dbed35-4eda-4814-9c33-f8e36b2b87b3" location="5 3"><left/><right/></link>
	<link id="d3aeb2f9-3657-4373-873f-66f35c03f922" location="6 1"><up/><left/><down/></link>
	<link id="ff2f3788-6423-458e-b3be-c94b834f02c0" location="6 2"><up/><left/><down/></link>
	<link id="d8f47e3f-c368-46ae-9cf3-3ca332a0bfa5" location="4 5"><up/><left/><down/><right/></link>
	<link id="094844af-dced-4af0-9548-5d867a11946c" location="6 3"><up/><left/><down/></link>
	<link id="2dd9225d-f699-4f92-92fc-41b3758c474d" location="5 5"><left/><right/></link>
	<link id="090958f7-9e7d-4bf9-8a45-8249ef1b4040" location="6 5"><left/><right/></link>
	<link id="28ab6ed4-4902-403a-9b4a-4493ac4c3910" location="7 5"><up/><left/><down/></link>
	<link id="b4cda81a-0342-4bea-8bea-7ca71b529f8e" location="4 8"><up/><down/></link>
	<link id="56885198-8c58-4a32-9355-e79c5c30b58b" location="4 9"><up/><left/><down/><right/></link>
	<link id="c1bb1358-9d23-4ad7-868e-628e604c4716" location="1 10"><left/><down/><right/></link>
	<link id="ab44bd35-09f0-4db6-9fa0-d3188c54ccee" location="2 10"><left/><right/></link>
	<link id="5d46da3b-c1bf-46c9-b483-21a033244632" location="3 10"><left/><right/></link>
	<link id="502b16c1-2080-44a8-9f34-4594f0e82b0d" location="4 10"><up/><left/><down/><right/></link>
	<link id="29a4d4eb-b613-47a8-8ed5-4d25e9093ec4" location="3 13"><left/><down/><right/></link>
	<link id="8c24411f-78d7-410c-ba18-4710257bba84" location="4 13"><up/><left/><down/><right/></link>
	<link id="59316f1a-e764-4c75-a151-9ca86b3bd37b" location="5 13"><up/><left/><down/><right/></link>
	<link id="5d23adc2-dc5d-44da-9d2f-6f2eb9ae19bf" location="5 15"><up/><down/></link>
	<link id="b0eca8d3-ed4d-4dfd-9edb-e0ba224a55af" location="4 16"><left/><down/><right/></link>
	<link id="7cf3b710-61cc-418f-b416-8d6b249ecd8e" location="5 16"><up/><left/><down/></link>
	<link id="023e3a72-a245-4a2a-9830-c09530c146bc" location="1 17"><up/><down/><right/></link>
	<link id="8a0a62bf-5e37-4d3f-8f3b-3a7733b84ed6" location="2 17"><left/><right/></link>
	<link id="8b4a43c6-6233-4619-a5d3-c4f80f10a3a0" location="3 17"><left/><right/></link>
	<link id="edf76689-1c20-4a43-b938-8884d8d6270d" location="4 17"><up/><left/><down/><right/></link>
	<link id="fd3d00af-5a8d-4ed1-bbca-776e5d631751" location="4 18"><up/><left/><down/><right/></link>
	<link id="25e72b59-6ac1-46c0-b073-d914f939617e" location="5 18"><left/><right/></link>
	<link id="7e4645b2-aca9-4e34-af5f-c0d737e26625" location="6 18"><up/><left/><right/></link>
	<link id="b27bccab-b77c-48ac-b801-94f714746a6a" location="7 18"><left/><down/><right/></link>
	<link id="aba89c88-90e3-4366-a434-cc2c491e20f2" location="2 21"><up/><down/><right/></link>
	<link id="658e3649-b4be-4f84-b690-85dffd021528" location="3 21"><left/><right/></link>
	<link id="dc8fca01-ded7-4d00-9bc5-ca7514a983ca" location="4 21"><up/><left/><down/></link>
	<link id="cc636bb2-9743-472b-a691-72b1789faf8d" location="5 21"><left/><down/><right/></link>
	<link id="27af7f9f-f235-45c2-9666-018390d5e485" location="6 21"><left/><right/></link>
	<link id="a57e3bb0-4644-46f5-91e7-e0793d40a311" location="7 21"><up/><left/><down/><right/></link>
	<link id="2d7c06e3-f7b4-4a71-bb44-75e55372dd45" location="8 21"><up/><left/><down/><right/></link>
	<link id="b798ee96-df10-407b-babb-7ba9e24428b2" location="9 21"><left/><right/></link>
	<link id="433b6bcf-8b5d-4720-9fc8-d551e3e7e24f" location="10 21"><up/><left/><down/><right/></link>
	<link id="8a275a81-213b-42bb-925e-4dce8b6c597c" location="4 23"><up/><down/></link>
	<link id="f87478c2-21f2-48ca-b03e-80e577a5af81" location="7 23"><up/><down/></link>
	<link id="a9d22b88-ad80-4671-bd0a-a72ac219d019" location="2 24"><up/><down/><right/></link>
	<link id="5b94c930-1c38-4e9c-a3e7-16848213dc7a" location="3 24"><left/><right/></link>
	<link id="0ee7d279-70b4-4e85-8c82-57705614414f" location="4 24"><up/><left/><down/><right/></link>
	<link id="59cfeb98-ccae-4caf-abf3-d21fa7e88bb1" location="5 24"><up/><left/><down/></link>
	<link id="8ebe467d-2436-410d-860d-40ad46d710ad" location="7 24"><up/><down/></link>
	<link id="a9bf35de-bc49-449f-a6d7-ece3fce39c32" location="10 23"><up/><down/></link>

</sfc>
