<?xml version="1.0" ?>
<sfc zoom="1.05" canvas="12 21" execution-mode="Callable" hot-editable="false" persist-state="false" redundant-sync="false">
	<onstart>def onStart(chart):
	"""
	This will run once when the chart is started.

	Arguments:
		chart: A reference to the chart's scope.
	"""
</onstart>
	<step id="cc45aa05-104e-4df5-8f2b-b5172e84cee0" location="2 0" name="__begin" factory-id="begin-step">
<parameters>
	<parameter><name>basepath</name><expression>"basepath"</expression></parameter>
	<parameter><name>equipmentpath</name><expression>"equipmentpath"</expression></parameter>
	<parameter key="true"><name>logname</name><expression>"logname"</expression></parameter>
	<parameter><name>beginFailed</name><expression>0</expression></parameter>
	<parameter><name>updateFailed</name><expression>0</expression></parameter>
	<parameter><name>endFailed</name><expression>0</expression></parameter>
	<parameter><name>iniFailed</name><expression>0</expression></parameter>
</parameters>
	</step>
	<step id="73c506b0-fc89-4391-ae7b-caad76a300cd" location="2 3" name="INI" factory-id="action-step">
		<stop-script>def onStop(chart, step):
	"""
	This will run when the step is finished and
	all other actions complete.

	Arguments:
		chart: A reference to the chart's scope.
		step: A reference to this step's scope.
	"""
	import mes_generics
	import traceback
	
	try:
		#chart.logname = 'DC0-Pit'
		#chart.basepath = '[MES_Tags]Kaiser/KAW/Casting/DC0/DC0-Pit/mes'
		#chart.equipmentpath = '[MES_Tags]Kaiser\KAW\Casting\DC0\DC0-Pit'
		system.util.getLogger(chart.logname).info("chart initialize a")
		result = mes_generics.noop(chart.logname)
		system.util.getLogger(chart.logname).info("chart initialize b")
		system.util.getLogger(chart.logname).info('basepath:' + chart.basepath)
		system.util.getLogger(chart.logname).info('equipmentpath:' + chart.equipmentpath)
		system.util.getLogger(chart.logname).info('chartId:' + str(chart.instanceId))
		result = mes_generics.initializeMESInteractions(chart.basepath,chart.equipmentpath,chart.instanceId)
		chart.iniFailed = 0
	except:
		system.tag.writeBlocking([chart.basepath + '/SFC_Interaction/SFC_LastState'],['iniFailed'])
		system.util.getLogger(chart.logname).info(str(traceback.format_exc()))
		chart.iniFailed = 1</stop-script>
	</step>
	<step id="62ebb709-185f-4454-bfc6-50b2af5991fd" location="2 5" name="Wait" factory-id="action-step">
	</step>
	<step id="013d7c29-5abc-435d-99b0-9ff87615ba03" location="2 8" name="BEG" factory-id="action-step">
		<start-script>def onStart(chart, step):
	"""
	This will run when the step starts, before any
	other action.

	Arguments:
		chart: A reference to the chart's scope.
		step: A reference to this step's scope.
	"""
	import sfc_generics
	import system
	import traceback
	from time import sleep
	
	rslt = 2
	reason = 'Unknown'
	system.util.getLogger(chart.logname).info('ISAW1 BEG TOP')
	inputlot = ''
	try:
	 inputlottag = system.tag.readBlocking([chart.basepath + '/ISAW1/Material In/Lot'])[0]
	 inputlot = inputlottag.value
	 system.util.getLogger(chart.logname).info('ISAW1 BEG &gt;' + inputlot + '&lt;')
	except:
	 system.util.getLogger(chart.logname).info(str(traceback.format_exc()))
	 pass
	system.util.getLogger(chart.logname).info('ISAW1 BEG TOP b')
	if len(inputlot) == 8:
		if not sfc_generics.checkForObject(inputlot,'MaterialLot'):
			system.util.getLogger(chart.logname).info('ISAW BEG No Such Material Lot')
			ml == None
		else:
			try:
				# create the material lot out of thin air
				#ml == system.mes.loadMaterialLot(inputlot,-1,True)
				fablength = system.tag.readBlocking(['[MES_Tags]Kaiser/KAW/Ingot Prep/Ingot Saw/mes/ISAW1/Material In/Length'])[0].value
				sfc_generics.createMaterialLot(inputlot,{'Length':fablength})
				ml = system.mes.loadMaterialLot(inputlot,-1,True)
				system.util.getLogger('ISAW BEG TOP b  loadMaterialLot created')
			except:
				system.util.getLogger('ISAW BEG loadMaterialLot exception')
	
	system.util.getLogger(chart.logname).info('ISAW1 BEG TOP c')
	if ml == None:
		system.tag.writeBlocking([chart.basepath + '/SFC_Interaction/SFC_LastState'],['Lot not in inventory'])
		system.tag.writeBlocking([chart.basepath + '/SFC_Interaction/CycleStartTrigger'],[0])
		return 1
	system.util.getLogger(chart.logname).info('ISAW1 BEG TOP d')
	try:
		system.util.getLogger(chart.logname).info("BEG MID")
		system.tag.writeBlocking([chart.basepath + '/SFC_Interaction/SFC_LastState'],['starting'])
		chart.cstate = 'start-in'
	
		#result = mes_generics.fake_startMESCycle(chart.basepath,chart.equipmentpath,None,chart.logname)
		rslt,reason = sfc_generics.sfc_begin(chart.basepath,chart.equipmentpath,'ISAW1',None)
		system.util.getLogger(chart.logname).info('ISAW1 BEG begin ' + str(rslt) + ' ' + str(reason))
		
	except:
		system.tag.writeBlocking([chart.basepath + '/SFC_Interaction/SFC_LastState'],['begFailed'])
		system.tag.writeBlocking([chart.basepath + '/SFC_Interaction/CycleStartTrigger'],[0])
		system.util.getLogger(chart.logname).info(str(traceback.format_exc()))
	system.util.getLogger(chart.logname).info('ISAW1 BEG BOT')
	sleep(3)
	return 1</start-script>
	</step>
	<step id="17c64402-dd9e-4253-98e8-bcc3345b131c" location="1 11" name="StartError" factory-id="action-step">
		<stop-script>def onStop(chart, step):
	"""
	This will run when the step is finished and
	all other actions complete.

	Arguments:
		chart: A reference to the chart's scope.
		step: A reference to this step's scope.
	"""
	system.util.getLogger(chart.logname).info('ISAW1 Start Error')</stop-script>
	</step>
	<step id="20699c05-055e-4fb3-9cbd-ca1c935a87a3" location="2 14" name="UPD" factory-id="action-step">
		<start-script>def onStart(chart, step):
	"""
	This will run when the step starts, before any
	other action.

	Arguments:
		chart: A reference to the chart's scope.
		step: A reference to this step's scope.
	"""
	import mes_generics
	import traceback
	
	try:
		system.util.getLogger(chart.logname).info("chart update")
		system.tag.writeBlocking([chart.basepath + '/SFC_Interaction/SFC_LastState'],['UPD'])
		chart.cstate = 'UPD-in'
		
		result = mes_generics.fake_updateMESCycle(chart.basepath,chart.equipmentpath,{},None,chart.logname)
	
		chart.cstate = 'update-out'
		system.tag.writeBlocking([ chart.basepath + '/SFC_Interaction/CycleUpdateTrigger'],[result])
	except:
		system.tag.writeBlocking([chart.basepath + '/SFC_Interaction/SFC_LastState'],['updateFailed'])
		system.tag.writeBlocking([chart.basepath + '/SFC_Interaction/CycleUpdateTrigger'],[2])
		system.util.getLogger(chart.logname).info(str(traceback.format_exc()))
	
	return 1</start-script>
	</step>
	<step id="0a22a985-944d-4889-bc83-32b2fa4a15c3" location="4 14" name="End" factory-id="action-step">
		<start-script>def onStart(chart, step):
	"""
	This will run when the step starts, before any
	other action.

	Arguments:
		chart: A reference to the chart's scope.
		step: A reference to this step's scope.
	"""
	import sfc_generics
	import traceback
	import system
	
	system.tag.writeBlocking([chart.basepath + '/SFC_Interaction/SFC_LastState'],['ending-0'])
	chart.cstate = 'end-in'
	enddate = None

	rslt = 2
	reason = 'Unknown'
	system.tag.writeBlocking([
		chart.basepath + '/SFC_Interaction/Notification',
		chart.basepath + '/SFC_Interaction/CycleEndResetDate'],[str(rslt) + ' ' + reason,system.date.now()])
		
	try:
				
		system.tag.writeBlocking([chart.basepath + '/SFC_Interaction/SFC_LastState'],['ending-1'])
		rslt,reason = sfc_generics.sfc_update(chart.basepath,chart.equipmentpath,chart.opname)
		#print 'test2 update',rslt,reason
		system.tag.writeBlocking([
			chart.basepath + '/SFC_Interaction/Notification',
			chart.basepath + '/SFC_Interaction/CycleEndResetDate'],[str(rslt) + ' ' + reason,system.date.now()])
		system.util.getLogger(chart.logname).info('update ' + str(rslt) + ' ' + reason)
		#manipulate response segment properties and materials here
		system.tag.writeBlocking([chart.basepath + '/SFC_Interaction/SFC_LastState'],['ending-2'])
		
		system.util.getLogger(chart.logname).info("call populateResponseCustomProperties")
		rslt,reason = sfc_generics.populateResponseCustomProperties(chart.basepath,chart.equipmentpath,chart.opname)
		#print 'test2 popResponse',rslt,reason
		system.tag.writeBlocking([
			chart.basepath + '/SFC_Interaction/Notification',
			chart.basepath + '/SFC_Interaction/CycleEndResetDate'],[str(rslt) + ' ' + reason,system.date.now()])
		system.util.getLogger(chart.logname).info('opseg ' + str(rslt) + ' ' + reason)
		
		#manipulate material property results here
		#print 'test2 mout1',rslt,reason
		system.tag.writeBlocking([chart.basepath + '/SFC_Interaction/SFC_LastState'],['ending-3'])
		system.util.getLogger(chart.logname).info("call populateAllMaterialCustomProperties")
		rslt,reason = sfc_generics.populateAllMaterialCustomProperties(chart.basepath,chart.equipmentpath,chart.opname)
		#print 'test2 popAllmats',rslt,reason
		system.util.getLogger(chart.logname).info('popmat ' + str(rslt) + ' ' + reason)
		
		if chart.opname == 'CAST':
		  try:
			# all the automatic assignments have been done, now the sfc specifics can be done.
			pn = system.tag.readBlocking(['[MES_Tags]Sandbox/SandboxLine/mes/' + chart.opname + '/partNumber'])[0]
			for mpno in range(1,7):
				mplotno = system.tag.readBlocking([chart.basepath + '/' + chart.opname + '/' + 'Mold Position %s/Lot' % mpno])[0].value
				#print mplotno
				if len(mplotno) &gt; 7:
					system.util.getLogger(chart.logname).info('special %s %s' % (chart.opname,mplotno))
					vtdict = {}
					vtdict['partNumber'] = ['String',pn.value,'','']
					vtdict['moldPos'] = ['Int4', mpno, '','']
					#print vtdict
					#sfc_generics.assignDictionaryToLot(mplotno,{'partNumber':[pn['value'].value,pn['dataType']],'moldPos':[mpno,'integer']})
					rslt,reason = sfc_generics.assignDictionaryToLot(mplotno,vtdict)	
					system.util.getLogger(chart.logname).info('end ' + str(rslt) + ' ' + reason)
		  except:
			system.util.getLogger(chart.logname).info(str(traceback.format_exc()))
			pass
		
		system.tag.writeBlocking([chart.basepath + '/SFC_Interaction/SFC_LastState'],['ending-4'])
		system.util.getLogger(chart.logname).info("call end")
		rslt,reason = sfc_generics.sfc_end(chart.basepath,chart.equipmentpath,chart.opname,enddate)
		#print rslt,reason
		system.util.getLogger(chart.logname).info('end ' + str(rslt) + ' ' + reason)
		system.tag.writeBlocking([
			chart.basepath + '/SFC_Interaction/CycleEndTrigger',
			chart.basepath + '/SFC_Interaction/Notification',
			chart.basepath + '/SFC_Interaction/CycleEndResetDate'],[rslt,reason,system.date.now()])
	except:
		system.util.getLogger(chart.logname).info(str(traceback.format_exc()))
		raise
		#system.tag.writeBlocking([chart.basepath + '/SFC_Interaction/SFC_LastState'],['ending-4'])
		system.util.getLogger(chart.logname).info("end exception")
		system.tag.writeBlocking([
			chart.basepath + '/SFC_Interaction/CycleEndTrigger',
			chart.basepath + '/SFC_Interaction/CycleEndResetDate'],[2,system.date.now()])
	#system.tag.writeBlocking([chart.basepath + '/SFC_Interaction/SFC_LastState'],['ending-6'])
	#system.tag.writeBlocking([chart.basepath + '/SFC_Interaction/SFC_LastState'],['END'])
	
	sleep(3)
	return 1</start-script>
	</step>
	<step id="55347ac7-f88c-48d8-9373-9d369989e2af" location="1 17" name="UpdateError" factory-id="action-step">
	</step>
	<step id="1f7d29ca-4fc9-4769-80fa-4ce7a12ee426" location="3 17" name="EndError" factory-id="action-step">
	</step>
	<step id="3194397b-61e4-4a22-8177-00ae29b3b3de" location="4 17" name="MOV" factory-id="action-step">
		<start-script>def onStart(chart, step):
	"""
	This will run when the step starts, before any
	other action.

	Arguments:
		chart: A reference to the chart's scope.
		step: A reference to this step's scope.
	"""
	import mes_generics
	import traceback
	
	try:
		system.tag.writeBlocking([chart.basepath + '/SFC_Interaction/SFC_LastState'],['MOV'])
		chart.cstate = 'Moving'
			
		destination = ''
		duration = 10
		moveStart = system.date.now()
		moveEnd = system.date.addMinutes(moveStart,duration)
		#result = mes_generics.fake_moveMaterial(chart.basepath,chart.equipmentpath,destination,duration,movedate,chart.logname)
		#result = mes_generics.moveFromEquipmentToLocation(chart.equipmentpath,moveStart,None,moveEnd)
		#system.tag.writeBlocking([chart.basepath + '/SFC_Interaction/SFC_LastState'],['Wait-for-Start'])
		#system.util.getLogger(chart.logname).info("move completed")
		
		#result = mes_generics.moveFromEquipmentToLocation(chart.equipmentpath,moveStart,None,moveEnd)
		result = 1
		if not result:
			system.tag.writeBlocking([chart.basepath + '/SFC_Interaction/SFC_Notification'],['move rtn 0'])
		system.tag.writeBlocking([chart.basepath + '/SFC_Interaction/SFC_LastState'],['Wait-for-Start'])
		system.util.getLogger(chart.logname).info("move completed")
	except:
		system.tag.writeBlocking([chart.basepath + '/SFC_Interaction/SFC_LastState'],['moveFailed'])
		system.util.getLogger(chart.logname).info(str(traceback.format_exc()))
	
	return 1</start-script>
	</step>
	<step id="c6e8d412-f035-4812-b6a2-a99131a802ca" location="5 17" name="NOP" factory-id="action-step">
		<start-script>def onStart(chart, step):
	"""
	This will run when the step starts, before any
	other action.

	Arguments:
		chart: A reference to the chart's scope.
		step: A reference to this step's scope.
	"""
	system.util.getLogger(chart.logname).info('LOT NOT FOUND Ingot_Saw')
	return 1</start-script>
	</step>
	<transition id="f40460d6-d5fe-44f4-958b-3536dca1006d" location="2 1">tag({basepath}+"/SFC_Interaction/TrackAndTraceActive") = 1</transition>
	<transition id="98b16306-cc40-4bd7-a14e-caf6adb32a80" location="2 7">tag({basepath}+"/SFC_Interaction/CycleStartTrigger") = 1 | tag({basepath}+"/Started")</transition>
	<transition id="fedd08b4-f645-48d9-a298-4d41b033f475" location="3 7">{iniFailed} = 1</transition>
	<transition id="339fb0f6-4e96-47c1-af85-ec34360a45fe" location="1 10">tag({basepath}+"/SFC_Interaction/CycleStartTrigger") &gt; 1</transition>
	<transition id="651c6442-1fed-4ca4-ab80-89f03c8cff76" location="3 10">tag({basepath}+"/SFC_Interaction/CycleStartTrigger") = 0</transition>
	<transition id="8c22f0c0-5807-4098-8e5d-67d0f1ee52b7" location="2 13" timeout-flag="statusTimeout">tag({basepath}+"/SFC_Interaction/CycleUpdateTrigger") = 1</transition>
	<transition id="61dc2888-70cd-41e0-8c43-59be1514e3b6" location="4 13">tag({basepath}+"/SFC_Interaction/CycleEndTrigger") = 1</transition>
	<transition id="7d320fa8-5609-474f-aa5b-27958a57a6b2" location="1 16">tag({basepath}+"/SFC_Interaction/CycleUpdateTrigger") &gt; 1</transition>
	<transition id="23f4928d-b956-4481-a0f0-73462c63072e" location="2 16">tag({basepath}+"/SFC_Interaction/CycleUpdateTrigger") = 0</transition>
	<transition id="7343423e-fe5f-4714-8a44-e6200e81564f" location="3 16">tag({basepath}+"/SFC_Interaction/CycleEndTrigger") &gt; 1</transition>
	<transition id="fde4fd35-8932-4bbf-b66f-0547f3401529" location="4 16">tag({basepath}+"/SFC_Interaction/CycleEndTrigger") = 0</transition>
	<transition id="c0797a20-4981-43fd-9afd-6587b3ff178a" location="5 16">tag({basepath}+"/SFC_Interaction/CycleEndTrigger") &lt; 0</transition>
	<jump id="9af59189-21f8-4cd4-8923-5c6093a4779c" location="3 8">I</jump>
	<jump id="d83bdb4c-f565-4170-9216-fa0df1840bdf" location="1 12">A</jump>
	<jump id="09e0f56e-617d-4f6b-9455-c6d8a0451a1f" location="2 19">U</jump>
	<jump id="5836bae2-3c5d-437d-906b-857107f5f9eb" location="4 19">L</jump>
	<anchor id="5eca52ce-9d1f-45f1-b870-04f3bbabc953" location="1 3">A</anchor>
	<anchor id="4419207a-9a34-4a8f-8cf3-86557a2f26f9" location="3 1">I</anchor>
	<anchor id="77fb382b-2066-4cab-8d41-37fa6324b13d" location="4 3">L</anchor>
	<anchor id="351d2da4-ec12-4ef7-91d9-d7d2c5d2b097" location="2 10">U</anchor>
	<link id="fd7b1178-2199-4777-8f55-ea0ca426a912" location="2 2"><up/><down/><right/></link>
	<link id="ae60df1c-9385-4b2e-bff4-b6e48bd594b4" location="3 2"><up/><left/><down/></link>
	<link id="dcf5bada-8d3f-4faf-91f4-01da7177b93b" location="1 4"><up/><down/><right/></link>
	<link id="a76a1111-5ec4-4869-8d36-a3024c228cf9" location="2 4"><up/><left/><down/><right/></link>
	<link id="9563300c-e748-45ae-930d-6d1c0ec60ffa" location="3 4"><up/><left/><down/><right/></link>
	<link id="c8547d39-85bb-4bad-995b-5dd5ba7d9bbc" location="4 4"><up/><left/><right/></link>
	<link id="3260686c-4492-40c1-bea9-bc4933b85641" location="2 6"><up/><down/><right/></link>
	<link id="c3b23f8c-9ce4-44d6-8ed2-e10669934826" location="3 6"><left/><down/><right/></link>
	<link id="29a4d4eb-b613-47a8-8ed5-4d25e9093ec4" location="1 9"><left/><down/><right/></link>
	<link id="8c24411f-78d7-410c-ba18-4710257bba84" location="2 9"><up/><left/><down/><right/></link>
	<link id="59316f1a-e764-4c75-a151-9ca86b3bd37b" location="3 9"><up/><left/><down/></link>
	<link id="a00afe5d-b027-4c1e-be29-60be64451476" location="2 11"><up/><left/><right/></link>
	<link id="7cf3b710-61cc-418f-b416-8d6b249ecd8e" location="3 11"><up/><left/><down/></link>
	<link id="fd3d00af-5a8d-4ed1-bbca-776e5d631751" location="2 12"><up/><left/><down/><right/></link>
	<link id="25e72b59-6ac1-46c0-b073-d914f939617e" location="3 12"><up/><left/><right/></link>
	<link id="b27bccab-b77c-48ac-b801-94f714746a6a" location="4 12"><left/><down/><right/></link>
	<link id="37ca4dda-c04e-45c1-a6e1-357fdb2a9dbb" location="1 15"><up/><down/><right/></link>
	<link id="dc8fca01-ded7-4d00-9bc5-ca7514a983ca" location="2 15"><up/><left/><down/></link>
	<link id="2d7c06e3-f7b4-4a71-bb44-75e55372dd45" location="3 15"><up/><left/><down/><right/></link>
	<link id="7b58e623-1229-4694-a57c-375dab978cfd" location="4 15"><up/><left/><down/><right/></link>
	<link id="faa0862f-0e13-46de-a58b-4c21e07ebe4c" location="5 15"><left/><down/><right/></link>
	<link id="91304513-17af-4299-ae10-93ca74dc3923" location="2 17"><up/><down/></link>
	<link id="19f680d7-90cb-4950-b2e3-f7ddc1f67407" location="1 18"><up/><down/><right/></link>
	<link id="79f67111-ef1b-4994-884e-e9372f6913f1" location="2 18"><up/><left/><down/><right/></link>
	<link id="64a8b775-ae6c-4752-9e9b-ffa16b4240d2" location="3 18"><up/><left/><down/></link>
	<link id="100a427f-bc1f-4d41-b2ff-e91de6dcdc64" location="4 18"><up/><left/><down/><right/></link>
	<link id="c7b0819c-2e57-4666-b93b-f0705f8da713" location="5 18"><up/><left/><down/></link>

</sfc>
