<?xml version="1.0" ?>
<sfc zoom="1.0" canvas="20 20" execution-mode="Callable" hot-editable="false" persist-state="true" redundant-sync="false">
	<step id="54f71f18-87d0-49aa-86ad-a2446f240706" location="5 0" name="__begin" factory-id="begin-step">	</step>
	<step id="eee29123-309f-420b-b53d-8b587bdb479b" location="5 2" name="Initialize" factory-id="action-step">
	</step>
	<step id="cccb66c2-6b28-427f-baa8-18c37fcd3f70" location="5 9" name="MAT_ID" factory-id="action-step">
	</step>
	<step id="c403d136-fc29-471c-9115-360809409a85" location="7 8" name="Load_Check" factory-id="action-step">
	</step>
	<step id="f0f5316f-ed00-4640-98fc-3d3fc23231e5" location="7 9" name="Practice" factory-id="action-step">
	</step>
	<step id="7d5c35ed-7426-4856-96ca-1819217286f1" location="7 10" name="Preset" factory-id="action-step">
	</step>
	<step id="f68258fe-42f6-4657-9781-829048f3c45e" location="7 13" name="Confirm" factory-id="action-step">
	</step>
	<step id="4d131c0f-2991-405f-84aa-2a5db007ea4f" location="9 16" name="Start" factory-id="action-step">
	</step>
	<transition id="b49d67a0-a81a-4518-b813-d9ca86f648bd" location="5 1">true</transition>
	<transition id="7089e2d0-5568-45ab-9ff4-5838b5104dc4" location="5 8">true</transition>
	<transition id="94f840c9-651c-4265-a7c6-3c0789733a96" location="7 7">true</transition>
	<transition id="b2031306-9161-4db9-9fb8-3c0ace190dc0" location="5 12">true</transition>
	<transition id="e336cc6c-71b7-4390-8a95-2f0acfc3c830" location="7 12">true</transition>
	<transition id="218b8005-886d-4478-abf1-7b99647755b5" location="9 12">true</transition>
	<transition id="2e8e808c-0ee2-4d47-b970-eedab9b0fcae" location="6 15">true</transition>
	<transition id="7c9d864b-ac79-45ae-a3d2-97b05641fe7f" location="9 15">true</transition>
	<link id="1af36578-5c43-4d22-8d10-954ebb341e67" location="5 3"><up/><left/><down/><right/></link>
	<link id="016d2442-7c3d-41f9-9ffe-ffffa7e126be" location="5 4"><up/><down/><right/></link>
	<link id="2a9f8c19-a9ba-4dab-abc5-889fa4cdb988" location="4 5"><up/><down/><right/></link>
	<link id="aabf58fa-8f52-4a90-b462-d8d50fc5dbd4" location="5 5"><up/><left/><down/><right/></link>
	<link id="0ebfc959-20ed-413b-9804-72c8d93f1f31" location="4 6"><up/><down/></link>
	<link id="13a81b6b-e90b-4e49-9609-77409193d396" location="5 6"><up/><left/><down/><right/></link>
	<link id="ee5487e7-9eb0-4c9e-90f2-cb2847217c6e" location="6 5"><left/><right/></link>
	<link id="bf76edca-1250-4f7b-ae78-720a53702263" location="4 7"><up/><down/></link>
	<link id="e211f86b-d665-414f-a8db-10a0d1714dff" location="6 6"><left/><down/><right/></link>
	<link id="da5109c0-335f-4d73-9d4b-d7e4c7dd1fbf" location="7 5"><left/><right/></link>
	<link id="f6bece57-e76b-40c7-a4b3-c90e4d250fa1" location="5 7"><up/><down/></link>
	<link id="c3cc947b-2004-4fcb-842c-15c980656303" location="4 8"><up/><down/><right/></link>
	<link id="1bc1fa87-0a41-48d8-87ef-21599279ea69" location="7 6"><left/><down/><right/></link>
	<link id="0d1e2e83-9f38-4210-9a09-391a6233e02d" location="8 5"><left/><right/></link>
	<link id="8ba02c8c-c5a6-47d1-b5a0-50ea1e099003" location="4 9"><up/><down/></link>
	<link id="a395be5d-5548-4c55-a6c9-f75ba047e29d" location="9 5"><left/><right/></link>
	<link id="d93c3076-dcf4-4ad0-b035-500d39845a0f" location="4 10"><up/><down/><right/></link>
	<link id="dcb1761e-d2d8-4fda-a023-ccd1772cb9e3" location="10 5"><left/><down/><right/></link>
	<link id="03859c69-f05b-48bf-959f-535bd1fb0d69" location="5 10"><up/><left/><down/></link>
	<link id="e96845b5-ceaf-494c-a2fb-1ab3c2aef63e" location="10 6"><up/><down/></link>
	<link id="99c7b33e-4413-40f9-a745-176b8ba32247" location="4 11"><up/><down/></link>
	<link id="8aed33c6-9260-4396-af65-85815f438437" location="5 11"><left/><down/><right/></link>
	<link id="c22b561c-bc46-4c28-b9bc-f8a25b349655" location="10 7"><up/><down/></link>
	<link id="cca7e8d2-842c-4450-8d9f-73746a22ea85" location="6 11"><up/><left/><down/><right/></link>
	<link id="feddaceb-48b8-4d85-9329-47cb983b7d77" location="4 12"><up/><down/></link>
	<link id="b57cabc6-9685-49c1-b278-3a52349ffcc8" location="10 8"><up/><down/></link>
	<link id="14df2d1c-5190-4920-9abd-d71d3314a702" location="7 11"><up/><left/><down/><right/></link>
	<link id="c2ddb56a-12d8-4e99-843d-85bace9552d8" location="10 9"><up/><down/></link>
	<link id="b86fa05c-1dd6-4a6e-96e8-d34fe36141c0" location="8 11"><left/><right/></link>
	<link id="2ac55a02-7c93-4816-a60c-27156b8b9833" location="4 13"><up/><left/><down/><right/></link>
	<link id="b4490171-0b9a-414c-bba1-ac74c270fa3a" location="5 13"><up/><left/><down/></link>
	<link id="c7ed8207-bfc9-4794-87da-71720d6df8ee" location="10 10"><up/><down/></link>
	<link id="c8be573a-8abc-4d88-a882-962a3b142c1a" location="9 11"><left/><down/><right/></link>
	<link id="636d7572-f4d1-437e-9da4-2866430dd905" location="4 14"><up/><down/></link>
	<link id="af5bb65b-0ad1-4710-b173-a542997b8ce7" location="10 11"><up/><down/></link>
	<link id="8b6c7a5f-9006-4ce0-9890-089c5b67fc78" location="6 14"><left/><down/><right/></link>
	<link id="1bf02adc-4854-41bd-9fa4-d270ad108768" location="4 15"><up/><down/></link>
	<link id="205fd0ff-6d99-4676-be8a-a74b8f501ab0" location="10 12"><up/><down/></link>
	<link id="3e3c406a-ee2f-430a-954e-4ebaf599549f" location="7 14"><up/><left/><down/><right/></link>
	<link id="924c4145-df94-40c4-9cbb-ed5ef7e06a98" location="9 13"><up/><left/><right/></link>
	<link id="a7bea4be-f451-41be-911f-e2509453a900" location="8 14"><left/><right/></link>
	<link id="3b8b0e4f-80ee-4012-8054-a5a494cee862" location="10 13"><up/><left/><down/></link>
	<link id="e9458357-8654-4ee1-b393-94e026853769" location="4 16"><up/><down/><right/></link>
	<link id="83cb0c11-996d-451c-b605-d36bf492e7b0" location="9 14"><left/><down/><right/></link>
	<link id="45d74829-81b0-4723-ada0-6a4cc8007a18" location="5 16"><left/><right/></link>
	<link id="0fde026b-6981-40e1-9cdd-2d80de0d494c" location="6 16"><up/><left/><down/></link>
	<link id="84f48a0d-ae86-4a76-a24e-ec9e54187c11" location="10 14"><up/><down/></link>
	<link id="7aa27288-f92e-49c9-9f85-2915c2d9fc08" location="10 15"><up/><down/></link>
	<link id="6b88af37-bbb4-413d-9dbf-8be8524436ea" location="10 16"><up/><left/><down/><right/></link>
	<link id="efd8557d-e9cc-4842-a5bd-7898c3a6fe6d" location="9 17"><up/><down/><right/></link>
	<link id="b0759291-bc2a-4a1e-9ab1-a9264e1540bd" location="10 17"><up/><left/><down/></link>

</sfc>
