{
  "custom": {},
  "params": {},
  "props": {
    "defaultSize": {
      "height": 796,
      "width": 1167
    }
  },
  "root": {
    "children": [
      {
        "meta": {
          "name": "JotTextField"
        },
        "position": {
          "height": 32,
          "width": 150,
          "x": 42,
          "y": 57
        },
        "props": {
          "text": "8111410"
        },
        "type": "ia.input.text-field"
      },
      {
        "meta": {
          "name": "TextField_Lot"
        },
        "position": {
          "height": 32,
          "rotate": {
            "anchor": "25% 25%"
          },
          "width": 150,
          "x": 228,
          "y": 99
        },
        "props": {
          "text": "516353B0"
        },
        "type": "ia.input.text-field"
      },
      {
        "meta": {
          "name": "TextField_OpenStage"
        },
        "position": {
          "height": 32,
          "width": 150,
          "x": 45,
          "y": 99
        },
        "props": {
          "text": "BAIR1"
        },
        "type": "ia.input.text-field"
      },
      {
        "meta": {
          "name": "EndpointDropdown"
        },
        "position": {
          "height": 36,
          "width": 256,
          "x": 443,
          "y": 53
        },
        "props": {
          "options": [
            {
              "label": "production",
              "value": "p"
            },
            {
              "label": "test",
              "value": "t"
            },
            {
              "label": "dev",
              "value": "d"
            }
          ],
          "value": "t"
        },
        "type": "ia.input.dropdown"
      },
      {
        "meta": {
          "name": "TextField_OutputPart"
        },
        "position": {
          "height": 32,
          "width": 245,
          "x": 42,
          "y": 146
        },
        "props": {
          "text": "W00717502165002"
        },
        "type": "ia.input.text-field"
      },
      {
        "meta": {
          "name": "TextField_JobStatus"
        },
        "position": {
          "height": 32,
          "rotate": {
            "anchor": "-280% 50%"
          },
          "width": 30,
          "x": 228,
          "y": 57
        },
        "props": {
          "text": null
        },
        "type": "ia.input.text-field"
      },
      {
        "meta": {
          "name": "TextField_LastStage"
        },
        "position": {
          "height": 32,
          "width": 150,
          "x": 734,
          "y": 115
        },
        "props": {
          "style": {
            "fontStyle": "italic",
            "textAlign": "center"
          },
          "text": null
        },
        "type": "ia.input.text-field"
      },
      {
        "meta": {
          "name": "Lable_LastCompleted"
        },
        "position": {
          "height": 32,
          "rotate": {
            "anchor": "-28% 0%"
          },
          "width": 150,
          "x": 734,
          "y": 83
        },
        "props": {
          "text": "Last Completed",
          "textStyle": {
            "textAlign": "center"
          }
        },
        "type": "ia.display.label"
      },
      {
        "meta": {
          "name": "Label"
        },
        "position": {
          "height": 32,
          "width": 718,
          "x": 298.5,
          "y": 708
        },
        "props": {
          "text": "Input Codes: A \u003d \u0027auto\u0027, B \u003d \u0027either auto or manual\u0027, U \u003d \u0027user\u0027, D \u003d \u0027display only (not reported)\u0027"
        },
        "type": "ia.display.label"
      },
      {
        "meta": {
          "name": "TextField"
        },
        "position": {
          "height": 32,
          "width": 150,
          "x": 872,
          "y": 25
        },
        "propConfig": {
          "props.text": {
            "binding": {
              "config": {
                "path": "session.props.auth.user.userName"
              },
              "type": "property"
            }
          }
        },
        "type": "ia.input.text-field"
      },
      {
        "events": {
          "component": {
            "onEditCellCommit": {
              "config": {
                "script": "\tlog \u003d system.util.getLogger(\u0027perspective\u0027)\n\tlog.info(str(event))\n\t\n\tvalueToSet \u003d event.value\n\tself.props.data \u003d system.dataset.setValue(self.props.data, event.row, event.column, valueToSet)"
              },
              "scope": "G",
              "type": "script"
            },
            "onEditCellStart": {
              "config": {
                "script": "\tlog \u003d system.util.getLogger(\u0027perspective\u0027)\n\tlog.info(\u0027cell edit start \u0027 + str(event))\n\tlog.info(\u0027selectedRow:\u0027 + str(event[\u0027rowIndex\u0027]))\n\tif self.props.data.getValueAt(event[\u0027rowIndex\u0027],\u0027incode\u0027):\n\t\tlog.info(\u0027display only\u0027)\n\t\treturn -1\n\t#self.props.data.setValueAt( event[\u0027rowIndex\u0027], event[\u0027column\u0027], 0)\n\treturn 1"
              },
              "scope": "G",
              "type": "script"
            },
            "onRowClick": {
              "config": {
                "script": "\tlog \u003d system.util.getLogger(\u0027perspective\u0027)\n\tlog.info(\u0027click row\u0027)\n\tlog.info(str(event))\n\tif event[\u0027value\u0027][\u0027incode\u0027] \u003d\u003d \u0027D\u0027:\n\t\tself.props.columns[3].editable \u003d False\n\telse:\n\t\tself.props.columns[3].editable \u003d True\n\t\t\n\tif event[\u0027value\u0027][\u0027units\u0027] in [\u0027DEGF\u0027,\u0027IN\u0027,\u0027PC\u0027]:\n\t\tself.props.columns[3].render \u003d \u0027number\u0027\n\telif event[\u0027value\u0027][\u0027units\u0027] \u003d\u003d \u0027DATE\u0027:\n\t\tself.props.columns[3].render \u003d \u0027date\u0027\n\telse:\n\t\tself.props.columns[3].render \u003d \u0027string\u0027\n\tself.getSibling(\"Label_TESTCODE\").props.text \u003d event[\u0027value\u0027][\u0027testcode\u0027]\n\tself.getSibling(\"Label_TESTCODENAME\").props.text \u003d event[\u0027value\u0027][\u0027name\u0027]\n\tself.getSibling(\"Label_TESTCODELINE\").props.text \u003d event[\u0027value\u0027][\u0027lineno\u0027]"
              },
              "scope": "G",
              "type": "script"
            }
          }
        },
        "meta": {
          "name": "TableTestCode"
        },
        "position": {
          "height": 487,
          "width": 1144,
          "x": 11.5,
          "y": 221
        },
        "propConfig": {
          "props.rows": {
            "persistent": false
          }
        },
        "props": {
          "columns": [
            {
              "align": "center",
              "boolean": "checkbox",
              "dateFormat": "MM/DD/YYYY",
              "editable": false,
              "field": "lineno",
              "filter": {
                "boolean": {
                  "condition": ""
                },
                "date": {
                  "condition": "",
                  "value": ""
                },
                "enabled": false,
                "number": {
                  "condition": "",
                  "value": ""
                },
                "string": {
                  "condition": "",
                  "value": ""
                },
                "visible": "on-hover"
              },
              "footer": {
                "align": "center",
                "justify": "left",
                "style": {
                  "classes": ""
                },
                "title": ""
              },
              "header": {
                "align": "center",
                "justify": "center",
                "style": {
                  "classes": ""
                },
                "title": "#"
              },
              "justify": "center",
              "nullFormat": {
                "includeNullStrings": false,
                "nullFormatValue": "",
                "strict": false
              },
              "number": "value",
              "numberFormat": "0,0",
              "progressBar": {
                "bar": {
                  "color": "",
                  "style": {
                    "classes": ""
                  }
                },
                "max": 100,
                "min": 0,
                "track": {
                  "color": "",
                  "style": {
                    "classes": ""
                  }
                },
                "value": {
                  "enabled": true,
                  "format": "0,0.##",
                  "justify": "center",
                  "style": {
                    "classes": ""
                  }
                }
              },
              "render": "auto",
              "resizable": false,
              "sort": "none",
              "sortable": false,
              "strictWidth": false,
              "style": {
                "classes": ""
              },
              "toggleSwitch": {
                "color": {
                  "selected": "",
                  "unselected": ""
                }
              },
              "viewParams": {},
              "viewPath": "",
              "visible": true,
              "width": 30
            },
            {
              "align": "center",
              "boolean": "checkbox",
              "dateFormat": "MM/DD/YYYY",
              "editable": false,
              "field": "testcode",
              "filter": {
                "boolean": {
                  "condition": ""
                },
                "date": {
                  "condition": "",
                  "value": ""
                },
                "enabled": false,
                "number": {
                  "condition": "",
                  "value": ""
                },
                "string": {
                  "condition": "",
                  "value": ""
                },
                "visible": "on-hover"
              },
              "footer": {
                "align": "center",
                "justify": "left",
                "style": {
                  "classes": ""
                },
                "title": ""
              },
              "header": {
                "align": "center",
                "justify": "center",
                "style": {
                  "classes": ""
                },
                "title": "Code"
              },
              "justify": "center",
              "nullFormat": {
                "includeNullStrings": false,
                "nullFormatValue": "",
                "strict": false
              },
              "number": "value",
              "numberFormat": "0,0.##",
              "progressBar": {
                "bar": {
                  "color": "",
                  "style": {
                    "classes": ""
                  }
                },
                "max": 100,
                "min": 0,
                "track": {
                  "color": "",
                  "style": {
                    "classes": ""
                  }
                },
                "value": {
                  "enabled": true,
                  "format": "0,0.##",
                  "justify": "center",
                  "style": {
                    "classes": ""
                  }
                }
              },
              "render": "number",
              "resizable": false,
              "sort": "none",
              "sortable": false,
              "strictWidth": false,
              "style": {
                "classes": ""
              },
              "toggleSwitch": {
                "color": {
                  "selected": "",
                  "unselected": ""
                }
              },
              "viewParams": {},
              "viewPath": "",
              "visible": true,
              "width": ""
            },
            {
              "align": "center",
              "boolean": "checkbox",
              "dateFormat": "MM/DD/YYYY",
              "editable": false,
              "field": "seq",
              "filter": {
                "boolean": {
                  "condition": ""
                },
                "date": {
                  "condition": "",
                  "value": ""
                },
                "enabled": false,
                "number": {
                  "condition": "",
                  "value": ""
                },
                "string": {
                  "condition": "",
                  "value": ""
                },
                "visible": "on-hover"
              },
              "footer": {
                "align": "center",
                "justify": "left",
                "style": {
                  "classes": ""
                },
                "title": ""
              },
              "header": {
                "align": "center",
                "justify": "center",
                "title": "Seq"
              },
              "justify": "center",
              "nullFormat": {
                "includeNullStrings": false,
                "nullFormatValue": "",
                "strict": false
              },
              "number": "value",
              "numberFormat": "0,0.##",
              "progressBar": {
                "bar": {
                  "color": "",
                  "style": {
                    "classes": ""
                  }
                },
                "max": 100,
                "min": 0,
                "track": {
                  "color": "",
                  "style": {
                    "classes": ""
                  }
                },
                "value": {
                  "enabled": true,
                  "format": "0,0.##",
                  "justify": "center",
                  "style": {
                    "classes": ""
                  }
                }
              },
              "render": "auto",
              "resizable": false,
              "sort": "none",
              "sortable": false,
              "strictWidth": false,
              "style": {
                "classes": ""
              },
              "toggleSwitch": {
                "color": {
                  "selected": "",
                  "unselected": ""
                }
              },
              "viewParams": {},
              "viewPath": "",
              "visible": true,
              "width": 30
            },
            {
              "align": "center",
              "boolean": "checkbox",
              "dateFormat": "MM/DD/YYYY",
              "editable": true,
              "field": "name",
              "filter": {
                "boolean": {
                  "condition": ""
                },
                "date": {
                  "condition": "",
                  "value": ""
                },
                "enabled": false,
                "number": {
                  "condition": "",
                  "value": ""
                },
                "string": {
                  "condition": "",
                  "value": ""
                },
                "visible": "on-hover"
              },
              "footer": {
                "align": "center",
                "justify": "left",
                "style": {
                  "classes": ""
                },
                "title": ""
              },
              "header": {
                "align": "center",
                "justify": "left",
                "style": {
                  "classes": ""
                },
                "title": "Name"
              },
              "justify": "auto",
              "nullFormat": {
                "includeNullStrings": false,
                "nullFormatValue": "",
                "strict": false
              },
              "number": "value",
              "numberFormat": "0,0.##",
              "progressBar": {
                "bar": {
                  "color": "",
                  "style": {
                    "classes": ""
                  }
                },
                "max": 100,
                "min": 0,
                "track": {
                  "color": "",
                  "style": {
                    "classes": ""
                  }
                },
                "value": {
                  "enabled": true,
                  "format": "0,0.##",
                  "justify": "center",
                  "style": {
                    "classes": ""
                  }
                }
              },
              "render": "string",
              "resizable": false,
              "sort": "none",
              "sortable": false,
              "strictWidth": false,
              "style": {
                "classes": ""
              },
              "toggleSwitch": {
                "color": {
                  "selected": "",
                  "unselected": ""
                }
              },
              "viewParams": {},
              "viewPath": "",
              "visible": true,
              "width": ""
            },
            {
              "align": "center",
              "boolean": "checkbox",
              "dateFormat": "MM/DD/YYYY",
              "editable": true,
              "field": "value",
              "filter": {
                "boolean": {
                  "condition": ""
                },
                "date": {
                  "condition": "",
                  "value": ""
                },
                "enabled": false,
                "number": {
                  "condition": "",
                  "value": ""
                },
                "string": {
                  "condition": "",
                  "value": ""
                },
                "visible": "on-hover"
              },
              "footer": {
                "align": "center",
                "justify": "left",
                "style": {
                  "classes": ""
                },
                "title": ""
              },
              "header": {
                "align": "center",
                "justify": "center",
                "style": {
                  "classes": ""
                },
                "title": "Value"
              },
              "justify": "auto",
              "nullFormat": {
                "includeNullStrings": false,
                "nullFormatValue": "",
                "strict": false
              },
              "number": "value",
              "numberFormat": "0,0.##",
              "progressBar": {
                "bar": {
                  "color": "",
                  "style": {
                    "classes": ""
                  }
                },
                "max": 100,
                "min": 0,
                "track": {
                  "color": "",
                  "style": {
                    "classes": ""
                  }
                },
                "value": {
                  "enabled": true,
                  "format": "0,0.##",
                  "justify": "center",
                  "style": {
                    "classes": ""
                  }
                }
              },
              "render": "number",
              "resizable": true,
              "sort": "none",
              "sortable": false,
              "strictWidth": false,
              "style": {
                "backgroundColor": "#E0E0E0",
                "classes": "",
                "fontWeight": "500"
              },
              "toggleSwitch": {
                "color": {
                  "selected": "",
                  "unselected": ""
                }
              },
              "viewParams": {},
              "viewPath": "",
              "visible": true,
              "width": ""
            },
            {
              "align": "center",
              "boolean": "checkbox",
              "dateFormat": "MM/DD/YYYY",
              "editable": false,
              "field": "desc",
              "filter": {
                "boolean": {
                  "condition": ""
                },
                "date": {
                  "condition": "",
                  "value": ""
                },
                "enabled": false,
                "number": {
                  "condition": "",
                  "value": ""
                },
                "string": {
                  "condition": "",
                  "value": ""
                },
                "visible": "on-hover"
              },
              "footer": {
                "align": "center",
                "justify": "left",
                "style": {
                  "classes": ""
                },
                "title": ""
              },
              "header": {
                "align": "center",
                "justify": "left",
                "style": {
                  "classes": ""
                },
                "title": "Description"
              },
              "justify": "auto",
              "nullFormat": {
                "includeNullStrings": false,
                "nullFormatValue": "",
                "strict": false
              },
              "number": "value",
              "numberFormat": "0,0.##",
              "progressBar": {
                "bar": {
                  "color": "",
                  "style": {
                    "classes": ""
                  }
                },
                "max": 100,
                "min": 0,
                "track": {
                  "color": "",
                  "style": {
                    "classes": ""
                  }
                },
                "value": {
                  "enabled": true,
                  "format": "0,0.##",
                  "justify": "center",
                  "style": {
                    "classes": ""
                  }
                }
              },
              "render": "string",
              "resizable": false,
              "sort": "none",
              "sortable": false,
              "strictWidth": true,
              "style": {
                "classes": ""
              },
              "toggleSwitch": {
                "color": {
                  "selected": "",
                  "unselected": ""
                }
              },
              "viewParams": {},
              "viewPath": "",
              "visible": true,
              "width": 200
            },
            {
              "align": "center",
              "boolean": "checkbox",
              "dateFormat": "MM/DD/YYYY",
              "editable": false,
              "field": "incode",
              "filter": {
                "boolean": {
                  "condition": ""
                },
                "date": {
                  "condition": "",
                  "value": ""
                },
                "enabled": false,
                "number": {
                  "condition": "",
                  "value": ""
                },
                "string": {
                  "condition": "",
                  "value": ""
                },
                "visible": "on-hover"
              },
              "footer": {
                "align": "center",
                "justify": "left",
                "style": {
                  "classes": ""
                },
                "title": ""
              },
              "header": {
                "align": "center",
                "justify": "center",
                "style": {
                  "classes": ""
                },
                "title": "C"
              },
              "justify": "center",
              "nullFormat": {
                "includeNullStrings": false,
                "nullFormatValue": "",
                "strict": false
              },
              "number": "value",
              "numberFormat": "0,0.##",
              "progressBar": {
                "bar": {
                  "color": "",
                  "style": {
                    "classes": ""
                  }
                },
                "max": 100,
                "min": 0,
                "track": {
                  "color": "",
                  "style": {
                    "classes": ""
                  }
                },
                "value": {
                  "enabled": true,
                  "format": "0,0.##",
                  "justify": "center",
                  "style": {
                    "classes": ""
                  }
                }
              },
              "render": "auto",
              "resizable": false,
              "sort": "none",
              "sortable": false,
              "strictWidth": false,
              "style": {
                "classes": ""
              },
              "toggleSwitch": {
                "color": {
                  "selected": "",
                  "unselected": ""
                }
              },
              "viewParams": {},
              "viewPath": "",
              "visible": true,
              "width": ""
            },
            {
              "align": "center",
              "boolean": "checkbox",
              "dateFormat": "MM/DD/YYYY",
              "editable": false,
              "field": "units",
              "filter": {
                "boolean": {
                  "condition": ""
                },
                "date": {
                  "condition": "",
                  "value": ""
                },
                "enabled": false,
                "number": {
                  "condition": "",
                  "value": ""
                },
                "string": {
                  "condition": "",
                  "value": ""
                },
                "visible": "on-hover"
              },
              "footer": {
                "align": "center",
                "justify": "left",
                "style": {
                  "classes": ""
                },
                "title": ""
              },
              "header": {
                "align": "center",
                "justify": "left",
                "style": {
                  "classes": ""
                },
                "title": "Units"
              },
              "justify": "auto",
              "nullFormat": {
                "includeNullStrings": false,
                "nullFormatValue": "",
                "strict": false
              },
              "number": "value",
              "numberFormat": "0,0.##",
              "progressBar": {
                "bar": {
                  "color": "",
                  "style": {
                    "classes": ""
                  }
                },
                "max": 100,
                "min": 0,
                "track": {
                  "color": "",
                  "style": {
                    "classes": ""
                  }
                },
                "value": {
                  "enabled": true,
                  "format": "0,0.##",
                  "justify": "center",
                  "style": {
                    "classes": ""
                  }
                }
              },
              "render": "auto",
              "resizable": false,
              "sort": "none",
              "sortable": false,
              "strictWidth": false,
              "style": {
                "classes": ""
              },
              "toggleSwitch": {
                "color": {
                  "selected": "",
                  "unselected": ""
                }
              },
              "viewParams": {},
              "viewPath": "",
              "visible": true,
              "width": ""
            },
            {
              "align": "center",
              "boolean": "checkbox",
              "dateFormat": "MM/DD/YYYY",
              "editable": false,
              "field": "lower",
              "filter": {
                "boolean": {
                  "condition": ""
                },
                "date": {
                  "condition": "",
                  "value": ""
                },
                "enabled": false,
                "number": {
                  "condition": "",
                  "value": ""
                },
                "string": {
                  "condition": "",
                  "value": ""
                },
                "visible": "on-hover"
              },
              "footer": {
                "align": "center",
                "justify": "left",
                "style": {
                  "classes": ""
                },
                "title": ""
              },
              "header": {
                "align": "center",
                "justify": "left",
                "style": {
                  "classes": ""
                },
                "title": "Lower Limit"
              },
              "justify": "auto",
              "nullFormat": {
                "includeNullStrings": false,
                "nullFormatValue": "",
                "strict": false
              },
              "number": "value",
              "numberFormat": "0,0.##",
              "progressBar": {
                "bar": {
                  "color": "",
                  "style": {
                    "classes": ""
                  }
                },
                "max": 100,
                "min": 0,
                "track": {
                  "color": "",
                  "style": {
                    "classes": ""
                  }
                },
                "value": {
                  "enabled": true,
                  "format": "0,0.##",
                  "justify": "center",
                  "style": {
                    "classes": ""
                  }
                }
              },
              "render": "auto",
              "resizable": false,
              "sort": "none",
              "sortable": false,
              "strictWidth": false,
              "style": {
                "classes": ""
              },
              "toggleSwitch": {
                "color": {
                  "selected": "",
                  "unselected": ""
                }
              },
              "viewParams": {},
              "viewPath": "",
              "visible": true,
              "width": ""
            },
            {
              "align": "center",
              "boolean": "checkbox",
              "dateFormat": "MM/DD/YYYY",
              "editable": false,
              "field": "upper",
              "filter": {
                "boolean": {
                  "condition": ""
                },
                "date": {
                  "condition": "",
                  "value": ""
                },
                "enabled": false,
                "number": {
                  "condition": "",
                  "value": ""
                },
                "string": {
                  "condition": "",
                  "value": ""
                },
                "visible": "on-hover"
              },
              "footer": {
                "align": "center",
                "justify": "left",
                "style": {
                  "classes": ""
                },
                "title": ""
              },
              "header": {
                "align": "center",
                "justify": "left",
                "style": {
                  "classes": ""
                },
                "title": "Upper Limit"
              },
              "justify": "auto",
              "nullFormat": {
                "includeNullStrings": false,
                "nullFormatValue": "",
                "strict": false
              },
              "number": "value",
              "numberFormat": "0,0.##",
              "progressBar": {
                "bar": {
                  "color": "",
                  "style": {
                    "classes": ""
                  }
                },
                "max": 100,
                "min": 0,
                "track": {
                  "color": "",
                  "style": {
                    "classes": ""
                  }
                },
                "value": {
                  "enabled": true,
                  "format": "0,0.##",
                  "justify": "center",
                  "style": {
                    "classes": ""
                  }
                }
              },
              "render": "auto",
              "resizable": false,
              "sort": "none",
              "sortable": false,
              "strictWidth": false,
              "style": {
                "classes": ""
              },
              "toggleSwitch": {
                "color": {
                  "selected": "",
                  "unselected": ""
                }
              },
              "viewParams": {},
              "viewPath": "",
              "visible": true,
              "width": ""
            }
          ],
          "data": {
            "$": [
              "ds",
              192,
              1699402217389
            ],
            "$columns": [
              {
                "data": [
                  0,
                  1,
                  2
                ],
                "name": "lineno",
                "type": "Integer"
              },
              {
                "data": [
                  "134101",
                  "134101",
                  "134101"
                ],
                "name": "testcode",
                "type": "String"
              },
              {
                "data": [
                  0,
                  0,
                  0
                ],
                "name": "seq",
                "type": "Integer"
              },
              {
                "data": [
                  "JOBSCO",
                  "MCHNBR",
                  "THERML"
                ],
                "name": "name",
                "type": "String"
              },
              {
                "data": [
                  null,
                  null,
                  "AC"
                ],
                "name": "value",
                "type": "String"
              },
              {
                "data": [
                  "Job Stage Close Operator",
                  "Machine Nbr (Furnace Nbr)",
                  "Thermal Code"
                ],
                "name": "desc",
                "type": "String"
              },
              {
                "data": [
                  "B",
                  "U",
                  "D"
                ],
                "name": "incode",
                "type": "String"
              },
              {
                "data": [
                  "TEXT",
                  "TEXT",
                  "TEXT"
                ],
                "name": "units",
                "type": "String"
              },
              {
                "data": [
                  "0",
                  "1",
                  "0"
                ],
                "name": "lower",
                "type": "String"
              },
              {
                "data": [
                  "0",
                  "99",
                  "0"
                ],
                "name": "upper",
                "type": "String"
              }
            ]
          },
          "dragOrderable": false,
          "selection": {
            "data": [
              {
                "value": null
              }
            ],
            "enableColumnSelection": true,
            "selectedColumn": "value",
            "selectedRow": 0
          }
        },
        "type": "ia.display.table"
      },
      {
        "events": {
          "component": {
            "onActionPerformed": {
              "config": {
                "script": "\t\n\tendpointtype \u003d self.getSibling(\"EndpointDropdown\").props.value\n\tif endpointtype \u003d\u003d \u0027p\u0027:\n\t\tendpointhost \u003d \u0027frpbmp.kaiseraluminum.com\u0027\n\telse:\n\t\tendpointhost \u003d \u0027frpbmtest.kaiseraluminum.com\u0027\n\t\t\n\timport sys\n\timport system\n\timport json\n\tprint \u0027from within the button event of production reporting view\u0027\n\ttbl1headers \u003d [\"lineno\",\u0027groupno\u0027,\u0027name\u0027,\u0027value\u0027,\u0027desc\u0027,\u0027incode\u0027,\u0027units\u0027,\u0027lower\u0027,\u0027upper\u0027] \n\ttbl1 \u003d self.getSibling(\"TableTestCode\")\n\t#pwtbl1.props.header \u003d [\u0027lineno\u0027,\u0027groupno\u0027,\u0027name\u0027,\u0027value\u0027,\u0027desc\u0027,\u0027incode\u0027,\u0027units\u0027,\u0027lower\u0027,\u0027upper\u0027]\n\t#ds \u003d system.dataset.toDataSet(pwtbl1headers, [])\n\t#pwtbl1.props.data \u003d ds\n\t\n\tplog \u003d system.util.getLogger(\u0027perspective\u0027)\n\tjot \u003d self.getSibling(\"JotTextField\").props.text\n\tif jot.find(\u0027B\u0027) \u003c 0:\n\t\t# must be a job\n\t\tBoomyEndpoint \u003d \"http://%s/ws/rest/erp/job/%s\" % (endpointhost,str(jot))\n\t\tjsonstr       \u003d system.net.httpGet(BoomyEndpoint)\n\t\tjobdict       \u003d system.util.jsonDecode(jsonstr)\n\t\tstatus \u003d jobdict[\u0027status\u0027]\n\t\tself.getSibling(\"TextField_JobStatus\").props.text \u003d status\n\t\tlast_stage \u003d jobdict[\u0027last_stage\u0027]\n\t\tself.getSibling(\"TextField_LastStage\").props.text \u003d last_stage\n\t\tstage \u003d jobdict[\u0027current_stage\u0027][\u0027name\u0027]\n\t\tlot \u003d jobdict[\u0027current_stage\u0027][\u0027lot_number\u0027]\n\t\tself.getSibling(\"TextField_Lot\").props.text \u003d lot\n\t\tself.getSibling(\"TextField_OpenStage\").props.text \u003d stage\n\t\toutputpart \u003d jobdict[\u0027job_output_part\u0027]\n\t\tself.getSibling(\"TextField_OutputPart\").props.text \u003d outputpart\n\t\t#plog.info(jsonstr)\n\t\tplog.info(str(jobdict[\u0027stages\u0027]))\n\t\tfor s in jobdict[\u0027stages\u0027]:\n\t\t\tplog.info (str( (s[\u0027name\u0027],s[\u0027flow\u0027],jot,\u0027\u0027) ))\n\t\t\t#print s.keys()\n\t\t\tplog.info (\"\u003d\u003d\u003d\u003d\u003d\u003d\u003d\u003d\u003d\u003d\u003d\u003d\u003d\u003d\u003d\u003d\u003d\u003d\u003d\u003d\u003d\u003d\u003d\u003d\u003d\u003d\u003d\u003d\u003d\")\n\t\t\tfor l in s[\u0027lines\u0027][0][\u0027outputs\u0027]:\n\t\t\t\tplog.info (\u0027---------------------\u0027)\n\t\t\t\tplog.info (str( (l[\u0027test_group\u0027]) ))\n\t\t\t\tplog.info (str( (l[\u0027test_codes\u0027]) ))\n\t\t\t\t\n\t\tdata \u003d []\n\t\ttestcodes \u003d jobdict[\u0027current_stage\u0027][\u0027lines\u0027][\u0027outputs\u0027][0][\u0027test_codes\u0027]\n\t\tactivename \u003d None\n\t\tgroups \u003d []\n\t\tgroupno \u003d 0\n\t\ttcgid \u003d 0\n\t\tfor testcode in testcodes:\n\t\t\tif activename \u003d\u003d testcode[\u0027name\u0027]:\n\t\t\t\tgroupno \u003d groupno + 1\n\t\t\tif testcode[\u0027name\u0027] !\u003d activename:\n\t\t\t\tactivename \u003d testcode[\u0027name\u0027]\n\t\t\t\tgroupno \u003d 0\n\t\t\t\n\t\t\tif testcode[\u0027name\u0027] \u003d\u003d \u0027JOBSCO\u0027:\n\t\t\t\ttestcode[\u0027value_actual\u0027] \u003d self.session.props.auth.user.userName\n\t\t\t\t\n\t\t\t###[\u0027lineno\u0027,\u0027groupno\u0027,\u0027name\u0027,\u0027value\u0027,\u0027desc\u0027,\u0027incode\u0027,\u0027units\u0027,\u0027lower\u0027,\u0027upper\u0027]\n\t\t\titm \u003d [tcgid,\n\t\t\t\tgroupno,\n\t\t\t\ttestcode[\u0027name\u0027],\n\t\t\t\t{\u0027value\u0027:testcode[\u0027value_actual\u0027],\u0027style\u0027:{\u0027backgroundColor\u0027:\u0027#E0E0E0\u0027}},\n\t\t\t\ttestcode[\u0027description\u0027],\n\t\t\t\ttestcode[\u0027ka_qc_input_code\u0027],\n\t\t\t\ttestcode[\u0027unit\u0027],\n\t\t\t\ttestcode[\u0027low_limit_std\u0027], \n\t\t\t\ttestcode[\u0027high_limit_std\u0027]]\n\t\t\t\n\t\t\tdata.append(itm)\n\n\t\t\tgroups.append(itm)\n\t\t\ttcgid \u003d tcgid + 1\n\t\n\t\t\t\n\t\tds \u003d system.dataset.toDataSet(tbl1headers, data)\n\t\tsystem.tag.writeBlocking([\u0027[MES_Tags]Sandbox/general_utility/testcodes\u0027],[ds])\n\t\t\n\t\t#pwtbl1 \u003d self.getSibling(\"TableTestCode\")\n\t\t#pwtbl1.props.data \u003d data"
              },
              "scope": "G",
              "type": "script"
            }
          }
        },
        "meta": {
          "name": "Button_0"
        },
        "position": {
          "height": 34,
          "rotate": {
            "anchor": "0% 118%"
          },
          "width": 80,
          "x": 275,
          "y": 55
        },
        "type": "ia.input.button"
      },
      {
        "events": {
          "component": {
            "onActionPerformed": {
              "config": {
                "script": "\t\n\tendpointtype \u003d self.getSibling(\"EndpointDropdown\").props.value\n\tif endpointtype \u003d\u003d \u0027p\u0027:\n\t\tendpointhost \u003d \u0027frpbmp.kaiseraluminum.com\u0027\n\telse:\n\t\tendpointhost \u003d \u0027frpbmtest.kaiseraluminum.com\u0027\n\t\t\n\timport sys\n\timport system\n\timport json\n\tprint \u0027from within the button event of production reporting view\u0027\n\ttbl1headers \u003d [\"lineno\",\"testcode\",\u0027seq\u0027,\u0027name\u0027,\u0027value\u0027,\u0027desc\u0027,\u0027incode\u0027,\u0027units\u0027,\u0027lower\u0027,\u0027upper\u0027] \n\ttbl1 \u003d self.getSibling(\"TableTestCode\")\n\t#pwtbl1.props.header \u003d [\u0027lineno\u0027,\u0027groupno\u0027,\u0027name\u0027,\u0027value\u0027,\u0027desc\u0027,\u0027incode\u0027,\u0027units\u0027,\u0027lower\u0027,\u0027upper\u0027]\n\t#ds \u003d system.dataset.toDataSet(tbl1headers, [])\n\t#tbl1.props.data \u003d ds\n\t\n\tplog \u003d system.util.getLogger(\u0027perspective\u0027)\n\tjot \u003d self.getSibling(\"JotTextField\").props.text\n\tif jot.find(\u0027B\u0027) \u003c 0:\n\t\t# must be a job\n\t\tBoomyEndpoint \u003d \"http://%s/ws/rest/erp/job/%s\" % (endpointhost,str(jot))\n\t\tjsonstr       \u003d system.net.httpGet(BoomyEndpoint)\n\t\tjobdict       \u003d system.util.jsonDecode(jsonstr)\n\t\tstatus \u003d jobdict[\u0027status\u0027]\n\t\tself.getSibling(\"TextField_JobStatus\").props.text \u003d status\n\t\tlast_stage \u003d jobdict[\u0027last_stage\u0027]\n\t\tself.getSibling(\"TextField_LastStage\").props.text \u003d last_stage\n\t\tstage \u003d jobdict[\u0027current_stage\u0027][\u0027name\u0027]\n\t\tlot \u003d jobdict[\u0027current_stage\u0027][\u0027lot_number\u0027]\n\t\tself.getSibling(\"TextField_Lot\").props.text \u003d lot\n\t\tself.getSibling(\"TextField_OpenStage\").props.text \u003d stage\n\t\toutputpart \u003d jobdict[\u0027job_output_part\u0027]\n\t\tself.getSibling(\"TextField_OutputPart\").props.text \u003d outputpart\n\t\t#plog.info(jsonstr)\n\t\tplog.info(str(jobdict[\u0027stages\u0027]))\n\t\ttestgroup \u003d \u0027\u0027\n\t\tfor s in jobdict[\u0027stages\u0027]:\n\t\t\tplog.info (str( (s[\u0027name\u0027],s[\u0027flow\u0027],jot,\u0027\u0027) ))\n\t\t\t#print s.keys()\n\t\t\tplog.info (\"\u003d\u003d\u003d\u003d\u003d\u003d\u003d\u003d\u003d\u003d\u003d\u003d\u003d\u003d\u003d\u003d\u003d\u003d\u003d\u003d\u003d\u003d\u003d\u003d\u003d\u003d\u003d\u003d\u003d\")\n\t\t\tfor l in s[\u0027lines\u0027][0][\u0027outputs\u0027]:\n\t\t\t\tplog.info (\u0027j---------------------\u0027)\n\t\t\t\ttestgroup \u003d l[\u0027test_group\u0027]\n\t\t\t\tplog.info (\u0027j\u0027 +str( (l[\u0027test_group\u0027]) ))\n\t\t\t\tplog.info (\u0027j\u0027+str( (l[\u0027test_codes\u0027]) ))\n\n\t\t\t\t\n\t\tdata \u003d []\n\t\tplog.info(str(jobdict[\u0027current_stage\u0027][\u0027name\u0027]))\n\t\t\n\t\tif jobdict[\u0027current_stage\u0027][\u0027name\u0027] !\u003d None:\n\t\t testcodes \u003d jobdict[\u0027current_stage\u0027][\u0027lines\u0027][\u0027outputs\u0027][0][\u0027test_codes\u0027]\n\t\t testgroup \u003d jobdict[\u0027current_stage\u0027][\u0027lines\u0027][\u0027outputs\u0027][0][\u0027test_group\u0027]\n\t\t activename \u003d None\n\t\t groups \u003d []\n\t\t groupno \u003d 0\n\t\t tcgid \u003d 0\n\t\t for testcode in testcodes:\n\t\t\tif activename \u003d\u003d testcode[\u0027name\u0027]:\n\t\t\t\tgroupno \u003d groupno + 1\n\t\t\tif testcode[\u0027name\u0027] !\u003d activename:\n\t\t\t\tactivename \u003d testcode[\u0027name\u0027]\n\t\t\t\tgroupno \u003d 0\n\t\t\t\n\t\t\tif testcode[\u0027name\u0027] \u003d\u003d \u0027JOBSCOc\u0027:\n\t\t\t\ttestcode[\u0027value_actual\u0027] \u003d self.session.props.auth.user.userName\n\t\t\t\t\n\t\t\t###[\u0027lineno\u0027,\u0027groupno\u0027,\u0027name\u0027,\u0027value\u0027,\u0027desc\u0027,\u0027incode\u0027,\u0027units\u0027,\u0027lower\u0027,\u0027upper\u0027]\n\t\t\tval \u003d testcode[\u0027value_actual\u0027]\n\t\t\tif testcode[\u0027ka_qc_input_code\u0027] in [\u0027D\u0027]:\n\t\t\t\tval \u003d testcode[\u0027value_planned\u0027]\n\t\t\titm \u003d [tcgid,\n\t\t\t\ttestgroup,\n\t\t\t\tgroupno,\n\t\t\t\ttestcode[\u0027name\u0027],\n\t\t\t\tval,\n\t\t\t\ttestcode[\u0027description\u0027],\n\t\t\t\ttestcode[\u0027ka_qc_input_code\u0027],\n\t\t\t\ttestcode[\u0027unit\u0027],\n\t\t\t\ttestcode[\u0027low_limit_std\u0027], \n\t\t\t\ttestcode[\u0027high_limit_std\u0027]]\n\t\t\t\n\t\t\tdata.append(itm)\n\n\t\t\tgroups.append(itm)\n\t\t\ttcgid \u003d tcgid + 1\n\t\n\t\t\t\n\t\tds \u003d system.dataset.toDataSet(tbl1headers, data)\n\t\tsystem.tag.writeBlocking([\u0027[MES_Tags]Sandbox/general_utility/testcodes\u0027],[ds])\n\t\t\n\tpwtbl1 \u003d self.getSibling(\"TableTestCode\")\n\tpwtbl1.props.data \u003d ds"
              },
              "scope": "G",
              "type": "script"
            }
          }
        },
        "meta": {
          "name": "Button_1"
        },
        "position": {
          "height": 34,
          "rotate": {
            "anchor": "0% 118%"
          },
          "width": 92,
          "x": 267,
          "y": 55
        },
        "props": {
          "text": "Get Jot"
        },
        "type": "ia.input.button"
      },
      {
        "events": {
          "component": {
            "onActionPerformed": {
              "config": {
                "script": "\timport StringIO\n\tendpointtype \u003d self.getSibling(\"EndpointDropdown\").props.value\n\tif endpointtype \u003d\u003d \u0027d\u0027:\n\t\tendpointhost \u003d \u0027frpbmp.kaiseraluminum.com\u0027\n\t\tendpointhost \u003d \u0027frpba01.kaiseraluminum.com:9090\u0027\n\telse:\n\t\tendpointhost \u003d \u0027frpbmtest.kaiseraluminum.com\u0027\n\t\t\n\tlog \u003d system.util.getLogger(\u0027perspective\u0027)\n\tlog.info(str(event))\n\t\n\tjot \u003d self.getSibling(\"JotTextField\").props.text\n\tlot \u003d self.getSibling(\"TextField_Lot\").props.text\n\toutpartno \u003d self.getSibling(\"TextField_OutputPart\").props.text\n\tjobStatus \u003d self.getSibling(\"TextField_JobStatus\").props.text\n\ttestcodetable \u003d self.getSibling(\"TableTestCode\").props.data\n\tmatissue \u003d self.getSibling(\"MaterialIssue_Checkbox\").props.selected\n\topenstage \u003d self.getSibling(\"TextField_OpenStage\").props.text\n\t\n\trstr \u003d StringIO.StringIO()\n\trstr.write(\u0027{\u0027)\n\trstr.write(\u0027\"JOB_UPDATE\": {\\n\u0027)\n\t\n\trstr.write(\u0027\\n\"HEADER\": {\\n\u0027)\n\trstr.write(\u0027\"KCLOSE_SENT\":\"Y\",\\n\u0027)\n\trstr.write(\u0027\"COUNT_SENT\":\"Y\",\\n\u0027)\n\tif matissue:\n\t\trstr.write(\u0027\"MI_SENT\":\"Y\",\\n\u0027)\n\telse:\n\t\trstr.write(\u0027\"MI_SENT\":\"N\",\\n\u0027)\n\trstr.write(\u0027\"QCR_SENT\":\"Y\",\\n\u0027)\n\trstr.write(\u0027\"DATESENT\": \"%s\",\\n\u0027 % system.date.format(system.date.now(),\u0027dd-MMM-yyyy hh:mm\u0027))\n\trstr.write(\u0027\"JOB_NUMBER\":\"%s\",\\n\u0027 % jot)\n\trstr.write(\u0027\"PROCESS_STAGE\":\"%s\"\\n},\\n\u0027 % openstage )\n\t\n\tlog.info(str(len(rstr.getvalue())))\n\t\n\tif matissue:\n\t\trstr.write(\u0027\"MATERIAL_ISSUE\": {\u0027)\n\t\trstr.write(\u0027\"SUB_FLAG_OR_WT\":\"\",\u0027)\n\t\trstr.write(\u0027\"SUBSTITUTE_PART_CODE\":\"\",\u0027)\n\t\trstr.write(\u0027\"LOT_NUMBER_OR_PART\":\"\u0027 + lot + \u0027\",\u0027)\n\t\trstr.write(\u0027\"RECIPE_LINE\":\"30\"},\u0027)\n\t\t\n\trstr.write(\u0027\\n\"OUTPUT_COUNTS\": {\\n\u0027)\n\trstr.write(\u0027\"COUNT_QTY\":\"1\",\\n\u0027)\n\trstr.write(\u0027\"LOT_NUMBER\":\"%s\",\\n\u0027 % lot)\n\trstr.write(\u0027\"MULTI_PART_COUNT\":\"\"\\n},\\n\u0027)\n\n\trstr.write(\u0027\\n\"STAGE_CLOSE\": {\\n\u0027)\n\trstr.write(\u0027\"PRINT_LOCN\":\"\" \\n},\\n\u0027)\n\t\n\tlog.info(str(len(rstr.getvalue())))\n\t\n\t\n\trstr.write(\u0027\\n\"QC_RESULTS\": [\\n\u0027)\n\t\n\trows \u003d testcodetable.getRowCount()\n\tlastrow \u003d 0\n\tfor row in range(rows):\n\t\tincode \u003d testcodetable.getValueAt(row,\u0027incode\u0027)\n\t\tif incode in [\u0027B\u0027,\u0027A\u0027,\u0027U\u0027]:\n\t\t\tlastrow \u003d row\n\tfor row in range(rows):\n\t\tincode \u003d testcodetable.getValueAt(row,\u0027incode\u0027)\n\t\tif incode in [\u0027B\u0027,\u0027A\u0027,\u0027U\u0027]:\n\t\t\trstr.write(\u0027{\"TEST_GROUP\":\"%s\",\u0027 % testcodetable.getValueAt(row,\u0027testcode\u0027))\n\t\t\trstr.write(\u0027\"TEST_CODE\":\"%s\",\u0027 % testcodetable.getValueAt(row,\u0027name\u0027))\n\t\t\trstr.write(\u0027\"RESULT_UOM\":\"%s\",\u0027 % testcodetable.getValueAt(row,\u0027units\u0027))\n\t\t\trstr.write(\u0027\"SEQUENCE\":\"%s\",\u0027 % testcodetable.getValueAt(row,\u0027seq\u0027))\n\t\t\trstr.write(\u0027\"RESULT\":\"%s\"\u0027 % testcodetable.getValueAt(row,\u0027value\u0027))\n\t\t\trstr.write(\u0027}\u0027)\n\t\t\tif row \u003c lastrow:\n\t\t\t\trstr.write(\u0027,\\n\u0027)\n\t\t\telse:\n\t\t\t\trstr.write(\u0027\\n\u0027)\n\trstr.write(\u0027\\t]\\n\u0027)\n\t\n\trstr.write(\u0027}\\n\u0027)\n\trstr.write(\u0027}\\n\u0027)\n\t\n\tmyjson \u003d system.util.jsonEncode(eval(rstr.getvalue()))\n\tlog.info(\u0027myjson\u0027)\n\tlog.info(myjson)\n\tlog.info(\u0027myjson\u0027)\n\tBoomyEndpoint \u003d \"http://%s/ws/rest/PFT/Stage\" % endpointhost\n\t\n\tresponse \u003d system.net.httpPost(BoomyEndpoint,\u0027application/json\u0027, myjson)\n\t#log.info(str(response))\n\t#client \u003d system.net.httpClien\n\t#response \u003d client.post(BoomyEndpoint, myjson)\n\trsp \u003d eval(response)\n\tlog.info(str(rsp[\u0027RECEIPTDATE\u0027]))\n\tfor rid in rsp[\u0027REQUESTIDS\u0027]:\n\t\tlog.info(str(rid))\n\t\tnse \u003d system.net.httpGet(\u0027http://FRPBMTest.kaiseraluminum.com/ws/rest/PFT/TransID/\u0027 + str(rid))\n\t\tlog.info(str(nse))"
              },
              "scope": "G",
              "type": "script"
            }
          }
        },
        "meta": {
          "name": "Button"
        },
        "position": {
          "height": 34,
          "rotate": {
            "anchor": "0% 35%"
          },
          "width": 80,
          "x": 955,
          "y": 154
        },
        "props": {
          "text": "KCLOSE"
        },
        "type": "ia.input.button"
      },
      {
        "events": {
          "component": {
            "onActionPerformed": {
              "config": {
                "script": "\tlineno \u003d self.getSibling(\"Label_TESTCODELINE\").props.text\n\ttestcodename \u003d self.getSibling(\"Label_TESTCODE\").props.text\n\tds \u003d self.getSibling(\"TableTestCode\").props.data\n\tcnt \u003d ds.getRowCount()\n\tpyData \u003d system.dataset.toPyDataSet(ds)\n\tseq \u003d 0\n\tfor row in pyData:\n\t\tif row[3] \u003d\u003d testcodename:\n\t\t\tseq \u003d seq + 1\n\t\n\tnewrow \u003d pyData[int(lineno)]\n\tnew \u003d []\n\tfor val in newrow:\n\t\tnew.append(val)\n\tnew[2] \u003d seq\n\tnew[0] \u003d cnt\n\t\t\n\t#system.dataset.addRow(ds,newrow)\n\tself.getSibling(\"TableTestCode\").props.data \u003d system.dataset.addRow(ds,new)\n\t"
              },
              "scope": "G",
              "type": "script"
            }
          }
        },
        "meta": {
          "name": "Button_2"
        },
        "position": {
          "height": 45,
          "width": 90,
          "x": 482,
          "y": 160
        },
        "props": {
          "text": "Add Sequence"
        },
        "type": "ia.input.button"
      },
      {
        "meta": {
          "name": "MaterialIssue_Checkbox"
        },
        "position": {
          "height": 36,
          "rotate": {
            "anchor": "25% 0%"
          },
          "width": 146,
          "x": 403,
          "y": 99
        },
        "props": {
          "text": "Material Issue"
        },
        "type": "ia.input.checkbox"
      },
      {
        "meta": {
          "name": "Label_TESTCODE"
        },
        "position": {
          "height": 32,
          "width": 127,
          "x": 593.5,
          "y": 146
        },
        "props": {
          "text": "134101"
        },
        "type": "ia.display.label"
      },
      {
        "meta": {
          "name": "Label_TESTCODELINE"
        },
        "position": {
          "height": 32,
          "rotate": {
            "anchor": "-64% 100%"
          },
          "width": 35,
          "x": 583.5,
          "y": 178
        },
        "props": {
          "text": 0
        },
        "type": "ia.display.label"
      },
      {
        "meta": {
          "name": "Label_TESTCODENAME"
        },
        "position": {
          "height": 32,
          "width": 127,
          "x": 609,
          "y": 178
        },
        "props": {
          "text": "JOBSCO"
        },
        "type": "ia.display.label"
      },
      {
        "meta": {
          "name": "Button_3"
        },
        "position": {
          "height": 43,
          "width": 80,
          "x": 691.2999877929688,
          "y": 162
        },
        "props": {
          "text": "Remove Sequence"
        },
        "type": "ia.input.button"
      },
      {
        "meta": {
          "name": "Button_4"
        },
        "position": {
          "height": 34,
          "rotate": {
            "anchor": "25% -41%"
          },
          "width": 80,
          "x": 355,
          "y": 177.6
        },
        "props": {
          "image": {
            "style": {
              "opacity": "1"
            }
          },
          "text": "update",
          "textStyle": {
            "fontStyle": "italic"
          }
        },
        "type": "ia.input.button"
      }
    ],
    "meta": {
      "name": "root"
    },
    "position": {
      "x": -63,
      "y": 0
    },
    "type": "ia.container.coord"
  }
}