<?xml version="1.0" ?>
<sfc zoom="1.0999999" canvas="12 27" execution-mode="Callable" hot-editable="false" persist-state="false" redundant-sync="false">
	<step id="cc45aa05-104e-4df5-8f2b-b5172e84cee0" location="4 0" name="__begin" factory-id="begin-step">
<parameters>
	<parameter><name>basepath</name><expression>"chartbasepath"</expression></parameter>
	<parameter><name>equipmentpath</name><expression>"chartequipmentpath"</expression></parameter>
	<parameter><name>logname</name><expression>"DC0"</expression></parameter>
</parameters>
	</step>
	<step id="73c506b0-fc89-4391-ae7b-caad76a300cd" location="4 3" name="INI" factory-id="action-step">
		<stop-script>def onStop(chart, step):
	"""
	This will run when the step is finished and
	all other actions complete.

	Arguments:
		chart: A reference to the chart's scope.
		step: A reference to this step's scope.
	"""
	import mes_generics
	#chart.logname = 'DC0-Pit'
	#chart.basepath = '[MES_Tags]Kaiser/KAW/Casting/DC0/DC0-Pit/mes'
	#chart.equipmentpath = '[MES_Tags]Kaiser\KAW\Casting\DC0\DC0-Pit'
	system.util.getLogger(chart.logname).info("chart initialize a")
	result = mes_generics.noop(chart.logname)
	system.util.getLogger(chart.logname).info("chart initialize b")
	system.util.getLogger(chart.logname).info('basepath:' + chart.basepath)
	system.util.getLogger(chart.logname).info('equipmentpath:' + chart.equipmentpath)
	system.util.getLogger(chart.logname).info('chartId:' + str(chart.instanceId))
	result = mes_generics.initializeMESInteractions(chart.basepath,chart.equipmentpath,chart.instanceId)</stop-script>
	</step>
	<step id="62ebb709-185f-4454-bfc6-50b2af5991fd" location="4 5" name="Wait" factory-id="action-step">
	</step>
	<step id="013d7c29-5abc-435d-99b0-9ff87615ba03" location="4 10" name="BEG" factory-id="action-step">
		<start-script>def onStart(chart, step):
	"""
	This will run when the step starts, before any
	other action.

	Arguments:
		chart: A reference to the chart's scope.
		step: A reference to this step's scope.
	"""
	import mes_generics
	system.util.getLogger(chart.logname).info("chart start")
	system.tag.writeBlocking([chart.basepath + '/SFC_Interaction/SFC_LastState'],['starting'])
	chart.cstate = 'start-in'

	result = mes_generics.fake_startMESCycle(chart.basepath,chart.equipmentpath,None,chart.logname)
	return result</start-script>
	</step>
	<step id="c5ebed83-3f9f-48fd-aa45-bd0136ce8306" location="6 10" name="IDL" factory-id="action-step">
		<start-script>def onStart(chart, step):
	"""
	This will run when the step starts, before any
	other action.

	Arguments:
		chart: A reference to the chart's scope.
		step: A reference to this step's scope.
	"""
	import mes_generics
	system.util.getLogger(chart.logname).info("chart idle")
	result = mes_generics.updateSFC(chart.basepath,'eqidle','equipment not running')
	return result
	</start-script>
	</step>
	<step id="17c64402-dd9e-4253-98e8-bcc3345b131c" location="3 13" name="StartError" factory-id="action-step">
	</step>
	<step id="20699c05-055e-4fb3-9cbd-ca1c935a87a3" location="4 18" name="UPD" factory-id="action-step">
		<start-script>def onStart(chart, step):
	"""
	This will run when the step starts, before any
	other action.

	Arguments:
		chart: A reference to the chart's scope.
		step: A reference to this step's scope.
	"""
	import mes_generics
	system.util.getLogger(chart.logname).info("chart update")
	system.tag.writeBlocking([chart.basepath + '/SFC_Interaction/SFC_LastState'],['UPD'])
	chart.cstate = 'UPD-in'
	
	result = mes_generics.fake_updateMESCycle(chart.basepath,chart.equipmentpath,{},None,chart.logname)

	chart.cstate = 'update-out'
	return result</start-script>
	</step>
	<step id="0a22a985-944d-4889-bc83-32b2fa4a15c3" location="7 18" name="End" factory-id="action-step">
		<start-script>def onStart(chart, step):
	"""
	This will run when the step starts, before any
	other action.

	Arguments:
		chart: A reference to the chart's scope.
		step: A reference to this step's scope.
	"""
	import mes_generics
	system.util.getLogger(chart.logname).info("chart end start")
	system.tag.writeBlocking(['[MES_Tags]Kaiser/KAW/Casting/DC0/DC0-Pit/mes/SFC_Interaction/SFC_LastState'],['ending'])
	chart.cstate = 'end-in'
	
	result = mes_generics.fake_endMESCycle(chart.basepath,chart.equipmentpath,None,chart.logname)

	system.util.getLogger(chart.logname).info("chart end end")
	return result</start-script>
	</step>
	<step id="55347ac7-f88c-48d8-9373-9d369989e2af" location="2 21" name="UpdateError" factory-id="action-step">
	</step>
	<step id="1f7d29ca-4fc9-4769-80fa-4ce7a12ee426" location="8 21" name="EndError" factory-id="action-step">
	</step>
	<step id="3194397b-61e4-4a22-8177-00ae29b3b3de" location="7 23" name="MOV" factory-id="action-step">
		<start-script>def onStart(chart, step):
	"""
	This will run when the step starts, before any
	other action.

	Arguments:
		chart: A reference to the chart's scope.
		step: A reference to this step's scope.
	"""
	import mes_generics
	system.tag.writeBlocking(['[MES_Tags]Kaiser/KAW/Casting/DC0/DC0-Pit/mes/SFC_Interaction/SFC_LastState'],['MOV'])
	chart.cstate = 'Moving'
		
	destination = ''
	duration = 5.0
	movedate = None
	result = mes_generics.fake_moveMaterial(chart.basepath,chart.equipmentpath,destination,duration,movedate,chart.logname)
		
	system.tag.writeBlocking([chart.basepath + '/SFC_Interaction/SFC_LastState'],['Wait-for-Start'])
	system.util.getLogger(chart.logname).info("move completed")
	return result</start-script>
	</step>
	<transition id="f40460d6-d5fe-44f4-958b-3536dca1006d" location="4 2">tag({basepath}+"/SFC_Interaction/TrackAndTraceActive") = 1</transition>
	<transition id="e4ef0641-810d-4caa-994b-989e8b8204b4" location="4 4">true</transition>
	<transition id="98b16306-cc40-4bd7-a14e-caf6adb32a80" location="4 9">tag({basepath}+"/SFC_Interaction/CycleStartTrigger") = 1</transition>
	<transition id="2096739b-331b-4a29-9343-ae85081ab572" location="6 9">tag({basepath}+"/SFC_Interaction/TrackAndTraceActive") != true</transition>
	<transition id="339fb0f6-4e96-47c1-af85-ec34360a45fe" location="3 12">tag({basepath}+"/SFC_Interaction/CycleStartTrigger") &gt; 1</transition>
	<transition id="651c6442-1fed-4ca4-ab80-89f03c8cff76" location="5 12">tag({basepath}+"/SFC_Interaction/CycleStartTrigger") = 0</transition>
	<transition id="8c22f0c0-5807-4098-8e5d-67d0f1ee52b7" location="4 17" timeout-flag="statusTimeout">tag({basepath}+"/SFC_Interaction/CycleUpdateTrigger") = 1</transition>
	<transition id="61dc2888-70cd-41e0-8c43-59be1514e3b6" location="7 17">tag({basepath}+"/SFC_Interaction/CycleEndTrigger") = 1</transition>
	<transition id="7d320fa8-5609-474f-aa5b-27958a57a6b2" location="2 20">tag({basepath}+"/SFC_Interaction/CycleUpdateTrigger") &gt; 1</transition>
	<transition id="23f4928d-b956-4481-a0f0-73462c63072e" location="4 20">tag({basepath}+"/SFC_Interaction/CycleUpdateTrigger") = 0</transition>
	<transition id="fde4fd35-8932-4bbf-b66f-0547f3401529" location="7 20">tag({basepath}+"/SFC_Interaction/CycleEndTrigger") = 0</transition>
	<transition id="7343423e-fe5f-4714-8a44-e6200e81564f" location="8 20">tag({basepath}+"/SFC_Interaction/CycleEndTrigger") &gt; 1</transition>
	<jump id="3c88215d-047b-4b69-8399-5d88dbd45571" location="6 11">I</jump>
	<jump id="d83bdb4c-f565-4170-9216-fa0df1840bdf" location="3 14">A</jump>
	<jump id="09e0f56e-617d-4f6b-9455-c6d8a0451a1f" location="4 21">U</jump>
	<jump id="a53fbbde-d855-402b-8014-1ca41a9fa91b" location="2 22">U</jump>
	<jump id="5616e481-2785-4f6d-8a7c-740bf77c6f88" location="8 22">U</jump>
	<jump id="5836bae2-3c5d-437d-906b-857107f5f9eb" location="7 24">L</jump>
	<anchor id="698bd835-c82c-4c23-8c99-cd7ba710b296" location="6 0">I</anchor>
	<anchor id="5eca52ce-9d1f-45f1-b870-04f3bbabc953" location="3 6">A</anchor>
	<anchor id="77fb382b-2066-4cab-8d41-37fa6324b13d" location="5 6">L</anchor>
	<anchor id="351d2da4-ec12-4ef7-91d9-d7d2c5d2b097" location="1 14">U</anchor>
	<link id="65095a07-40b3-4dd6-942a-feb8ab74f1e1" location="4 1"><up/><down/><right/></link>
	<link id="cf5db025-baff-4fa6-86a0-4262f7d8836a" location="5 1"><left/><right/></link>
	<link id="d3aeb2f9-3657-4373-873f-66f35c03f922" location="6 1"><up/><left/><down/></link>
	<link id="b4cda81a-0342-4bea-8bea-7ca71b529f8e" location="4 6"><up/><down/></link>
	<link id="dcf5bada-8d3f-4faf-91f4-01da7177b93b" location="3 7"><up/><down/><right/></link>
	<link id="56885198-8c58-4a32-9355-e79c5c30b58b" location="4 7"><up/><left/><down/><right/></link>
	<link id="9563300c-e748-45ae-930d-6d1c0ec60ffa" location="5 7"><up/><left/><down/></link>
	<link id="502b16c1-2080-44a8-9f34-4594f0e82b0d" location="4 8"><up/><left/><down/><right/></link>
	<link id="5fdfccc9-99c7-43f1-99bd-5f7a10cf54ca" location="5 8"><left/><right/></link>
	<link id="c1bb1358-9d23-4ad7-868e-628e604c4716" location="6 8"><left/><down/><right/></link>
	<link id="29a4d4eb-b613-47a8-8ed5-4d25e9093ec4" location="3 11"><left/><down/><right/></link>
	<link id="8c24411f-78d7-410c-ba18-4710257bba84" location="4 11"><up/><left/><down/><right/></link>
	<link id="59316f1a-e764-4c75-a151-9ca86b3bd37b" location="5 11"><up/><left/><down/></link>
	<link id="5d23adc2-dc5d-44da-9d2f-6f2eb9ae19bf" location="5 13"><up/><down/></link>
	<link id="b0eca8d3-ed4d-4dfd-9edb-e0ba224a55af" location="4 14"><left/><down/><right/></link>
	<link id="7cf3b710-61cc-418f-b416-8d6b249ecd8e" location="5 14"><up/><left/><down/></link>
	<link id="023e3a72-a245-4a2a-9830-c09530c146bc" location="1 15"><up/><down/><right/></link>
	<link id="8a0a62bf-5e37-4d3f-8f3b-3a7733b84ed6" location="2 15"><left/><right/></link>
	<link id="8b4a43c6-6233-4619-a5d3-c4f80f10a3a0" location="3 15"><left/><right/></link>
	<link id="edf76689-1c20-4a43-b938-8884d8d6270d" location="4 15"><up/><left/><down/><right/></link>
	<link id="fd3d00af-5a8d-4ed1-bbca-776e5d631751" location="4 16"><up/><left/><down/><right/></link>
	<link id="25e72b59-6ac1-46c0-b073-d914f939617e" location="5 16"><left/><right/></link>
	<link id="7e4645b2-aca9-4e34-af5f-c0d737e26625" location="6 16"><up/><left/><right/></link>
	<link id="b27bccab-b77c-48ac-b801-94f714746a6a" location="7 16"><left/><down/><right/></link>
	<link id="aba89c88-90e3-4366-a434-cc2c491e20f2" location="2 19"><up/><down/><right/></link>
	<link id="658e3649-b4be-4f84-b690-85dffd021528" location="3 19"><left/><right/></link>
	<link id="dc8fca01-ded7-4d00-9bc5-ca7514a983ca" location="4 19"><up/><left/><down/></link>
	<link id="a57e3bb0-4644-46f5-91e7-e0793d40a311" location="7 19"><up/><down/><right/></link>
	<link id="2d7c06e3-f7b4-4a71-bb44-75e55372dd45" location="8 19"><up/><left/><down/><right/></link>
	<link id="f87478c2-21f2-48ca-b03e-80e577a5af81" location="7 21"><up/><down/></link>
	<link id="8ebe467d-2436-410d-860d-40ad46d710ad" location="7 22"><up/><down/></link>

</sfc>
