{
  "custom": {},
  "params": {},
  "props": {
    "defaultSize": {
      "height": 856,
      "width": 1217
    }
  },
  "root": {
    "children": [
      {
        "meta": {
          "name": "MES Trace Graph"
        },
        "position": {
          "height": 767,
          "width": 1168,
          "x": 16,
          "y": 76
        },
        "propConfig": {
          "props.lotName": {
            "binding": {
              "config": {
                "path": "../mesLotSelector.props.selectedName"
              },
              "type": "property"
            }
          }
        },
        "props": {
          "detailedMode": true
        },
        "type": "mes.trace.traceGraph"
      },
      {
        "meta": {
          "name": "mesLotSelector"
        },
        "position": {
          "height": 50,
          "width": 250,
          "x": 16,
          "y": 13
        },
        "props": {
          "beginDateTime": {
            "$": [
              "ts",
              192,
              1689790853647
            ],
            "$ts": 1689663600000
          },
          "endDateTime": {
            "$": [
              "ts",
              192,
              1689790853647
            ],
            "$ts": 1689836399000
          }
        },
        "type": "mes.trace.mesLotSelector"
      }
    ],
    "meta": {
      "name": "root"
    },
    "type": "ia.container.coord"
  }
}